,1,2,3,4,5,6,7,8,9,10,11,12,13,14,15,16,17,18,19,20,21,22,23,24,25,26,27,28,29,30,31,32,33,34,35,36,37,38,39,40,41,42,43,44,45,46,47,48,49,50,51,52,53,54,55,56,57,58,59,60,61,62,63,64,65,66,67,68,69,70,71,72,73,74,75,76,77,78,79,80,81,82,83,84,85
FNAME,UI_Idle,Stand_Rest_Stationary,FPS_Stand_Idle,Crouch_Rest_Stationary,FPS_Crouch_Idle,Prone_Aim_Stationary,FPS_Prone_Idle,Stand_Aim_Stationary,FPS_Stand_Aim,Run_Aim,FPS_Run_Aim,Crouch_Aim_Moving,FPS_Crouch_Aim,Prone_Aim_Stationary,"FPS_Prone_Aim (Duplicate of 7, Unused)",Stand_Reload_Stationary,FPS_Stand_Reload,Stand_Reload_Moving,FPS_Run_Reload,Crouch_Reload_Stationary,FPS_Crouch_Reload,Prone_Reload_Stationary,FPS_Prone_Reload_Stationary,Stand_Shooting_Stationary,FPS_Stand_Shooting_Stationary,Stand_Shooting_Moving,FPS_Stand_Shooting_Moving,Crouch_Shooting_Stationary,FPS_Crouch_Shooting_Stationary,Prone_Shooting_Stationary,FPS_Prone_Shooting_Stationary,Stand_Rest_Moving,FPS_Run_Blend,Stand_Rest_Sprint,FPS_Sprint_Blend,Crouch_Rest_Moving (altered due to shoot issues),FPS_Crouch_Blend,Prone_Blend,FPS_Prone_Blend,Prone_to_Stand,FPS_Prone_to_Stand,Stand_to_Prone,FPS_Stand_to_Prone,Crouch_Aim_Stationary,Prone_Aim_Stationary,Prone_to_Crouch,FPS_Prone_to_Crouch,Crouch_to_Prone,FPS_Crouch_to_Prone,Crouch_Reload_Moving,Crouch_Shoot_Moving,Stand_Jump_Stationary_Start,Stand_Jump_Stationary_Air,Stand_Jump_Stationary_Fall,Stand_Jump_Stationary_Land,Stand_Jump_Moving_Start,Stand_Jump_Moving_Air,Stand_Jump_Moving_Fall,Stand_Jump_Moving_Land,Stand_Jump_Sprint_Start,Stand_Jump_Sprint_Air,Stand_Jump_Sprint_Fall,Stand_Jump_Sprint_Land,FPS_Crouch_Reload_Moving ,FPS_Crouch_Shoot_Moving,FPS_AttmMenu_Rise,FPS_AttmMenu_Idle,Grenade Stand Pull,FPS Grenade Stand Pull,Grenade Stand Hold,FPS Grenade Stand Hold,Grenade Stand Release,FPS Grenade Stand Release,Grenade Crouch Pull,FPS Grenade Crouch Pull,Grenade Stand Hold,FPS Grenade Crouch Hold,Grenade Crouch Release,FPS Grenade Crouch Release,Grenade Prone Pull,FPS Grenade Prone Pull,Grenade Prone Hold,FPS Grenade Prone Hold,Grenade Prone Release,FPS Grenade Prone Release
,,,,,,,,,,,,,,,,,,,,,,,,,,,,,,,,,,,,,,,,,,,,,,,,,,,,,,,,,,,,,,,,,,,,,,,,,,,,,,,,,,,,,
,,,,,,,,,,,,,,,,,,,,,,,,,,,,,,,,,,,,,,,,,,,,,,,,,,,,,,,,,,,,,,,,,,,,,,,,,,,,,,,,,,,,,
HG_45APC_Tier1,none,idle_stand_HG_Auto,FPS_aimIdle_standIdle_HG_9mm,idle_crouch_HG_Auto,FPS_aimIdle_crouch_HG_9mm,aimidle_prone_HG_Auto,FPS_aimIdle_standIdle_HG_9mm,aimidle_standIdle_HG_Auto,none,aimidle_runBlend_HG_Auto,none,aimidle_crouchBlend_HG_Auto,none,aimidle_prone_HG_Auto,none,reload_stand_HG_Auto,FPS_reload_standIdle_HG_9mm,reload_runBlend_HG_Auto,FPS_reload_standIdle_HG_9mm,reload_crouch_HG_Auto,FPS_reload_crouch_HG_9mm,reload_prone_HG_Auto,FPS_reload_standIdle_HG_9mm,aimShoot_standIdle_HG_Auto,FPS_aimShoot_standIdle_HG_9mm,aimShoot_runBlend_HG_Auto,FPS_aimShoot_standIdle_HG_9mm,aimShoot_crouch_HG_Auto,FPS_aimShoot_crouch_HG_9mm,aimShoot_prone_HG_Auto,FPS_aimShoot_standIdle_HG_9mm,Run_Blend_HG_Auto,FPS_Run_Blend_HG_9mm,Sprint_Blend_HG_Mold,FPS_Sprint_Blend_HG_9mm,aimIdle_crouchBlend_HG_Auto,FPS_Crouch_Blend_HG_9mm,Prone_Blend_ASR,FPS_Prone_Blend_ASR,prone_to_stand_HG_Auto,FPS_Stand_to_Prone,Stand_to_Prone_HG_Auto,FPS_Stand_to_Prone,aimIdle_crouch_HG_Auto,aimidle_prone_HG_Auto,prone_to_crouch_HG_Auto,none,crouch_to_prone_HG_Auto,none,reload_crouchBlend_HG_Auto,aimshoot_crouchBlend_HG_Auto,Jump_ASR_Idle_S,Jump_ASR_Idle_A,Jump_ASR_Idle_F,Jump_ASR_Idle_L,Jump_Hand_Run_S,Jump_Hand_Run_A,Jump_Hand_Run_F,Jump_Hand_Run_L,Jump_Hand_Sprint_S,Jump_Hand_Sprint_A,Jump_Hand_Sprint_F,Jump_Hand_Sprint_L,FPS_reload_crouch_HG_9mm,FPS_aimShoot_crouch_HG_9mm,FPS_Attach_Raise_HG_9mm,FPS_Attach_Idle_HG_9mm,none,none,none,none,none,none,none,none,none,none,none,none,none,none,none,none,none,none
HG_45APC_Tier2,none,idle_stand_HG_Auto,FPS_aimIdle_standIdle_HG_9mm,idle_crouch_HG_Auto,FPS_aimIdle_crouch_HG_9mm,aimidle_prone_HG_Auto,FPS_aimIdle_standIdle_HG_9mm,aimidle_standIdle_HG_Auto,none,aimidle_runBlend_HG_Auto,none,aimidle_crouchBlend_HG_Auto,none,aimidle_prone_HG_Auto,none,reload_stand_HG_Auto,FPS_reload_standIdle_HG_9mm,reload_runBlend_HG_Auto,FPS_reload_standIdle_HG_9mm,reload_crouch_HG_Auto,FPS_reload_crouch_HG_9mm,reload_prone_HG_Auto,FPS_reload_standIdle_HG_9mm,aimShoot_standIdle_HG_Auto,FPS_aimShoot_standIdle_HG_9mm,aimShoot_runBlend_HG_Auto,FPS_aimShoot_standIdle_HG_9mm,aimShoot_crouch_HG_Auto,FPS_aimShoot_crouch_HG_9mm,aimShoot_prone_HG_Auto,FPS_aimShoot_standIdle_HG_9mm,Run_Blend_HG_Auto,FPS_Run_Blend_HG_9mm,Sprint_Blend_HG_Mold,FPS_Sprint_Blend_HG_9mm,aimIdle_crouchBlend_HG_Auto,FPS_Crouch_Blend_HG_9mm,Prone_Blend_ASR,FPS_Prone_Blend_ASR,prone_to_stand_HG_Auto,FPS_Stand_to_Prone,Stand_to_Prone_HG_Auto,FPS_Stand_to_Prone,aimIdle_crouch_HG_Auto,aimidle_prone_HG_Auto,prone_to_crouch_HG_Auto,none,crouch_to_prone_HG_Auto,none,reload_crouchBlend_HG_Auto,aimshoot_crouchBlend_HG_Auto,Jump_ASR_Idle_S,Jump_ASR_Idle_A,Jump_ASR_Idle_F,Jump_ASR_Idle_L,Jump_Hand_Run_S,Jump_Hand_Run_A,Jump_Hand_Run_F,Jump_Hand_Run_L,Jump_Hand_Sprint_S,Jump_Hand_Sprint_A,Jump_Hand_Sprint_F,Jump_Hand_Sprint_L,FPS_reload_crouch_HG_9mm,FPS_aimShoot_crouch_HG_9mm,FPS_Attach_Raise_HG_9mm,FPS_Attach_Idle_HG_9mm,none,none,none,none,none,none,none,none,none,none,none,none,none,none,none,none,none,none
HG_45APC_Mk6_1,none,idle_stand_HG_Auto,FPS_aimIdle_standIdle_HG_9mm,idle_crouch_HG_Auto,FPS_aimIdle_crouch_HG_9mm,aimidle_prone_HG_Auto,FPS_aimIdle_standIdle_HG_9mm,aimidle_standIdle_HG_Auto,none,aimidle_runBlend_HG_Auto,none,aimidle_crouchBlend_HG_Auto,none,aimidle_prone_HG_Auto,none,reload_stand_HG_Auto,FPS_reload_standIdle_HG_9mm,reload_runBlend_HG_Auto,FPS_reload_standIdle_HG_9mm,reload_crouch_HG_Auto,FPS_reload_crouch_HG_9mm,reload_prone_HG_Auto,FPS_reload_standIdle_HG_9mm,aimShoot_standIdle_HG_Auto,FPS_aimShoot_standIdle_HG_9mm,aimShoot_runBlend_HG_Auto,FPS_aimShoot_standIdle_HG_9mm,aimShoot_crouch_HG_Auto,FPS_aimShoot_crouch_HG_9mm,aimShoot_prone_HG_Auto,FPS_aimShoot_standIdle_HG_9mm,Run_Blend_HG_Auto,FPS_Run_Blend_HG_9mm,Sprint_Blend_HG_Mold,FPS_Sprint_Blend_HG_9mm,aimIdle_crouchBlend_HG_Auto,FPS_Crouch_Blend_HG_9mm,Prone_Blend_ASR,FPS_Prone_Blend_ASR,prone_to_stand_HG_Auto,FPS_Stand_to_Prone,Stand_to_Prone_HG_Auto,FPS_Stand_to_Prone,aimIdle_crouch_HG_Auto,aimidle_prone_HG_Auto,prone_to_crouch_HG_Auto,none,crouch_to_prone_HG_Auto,none,reload_crouchBlend_HG_Auto,aimshoot_crouchBlend_HG_Auto,Jump_ASR_Idle_S,Jump_ASR_Idle_A,Jump_ASR_Idle_F,Jump_ASR_Idle_L,Jump_Hand_Run_S,Jump_Hand_Run_A,Jump_Hand_Run_F,Jump_Hand_Run_L,Jump_Hand_Sprint_S,Jump_Hand_Sprint_A,Jump_Hand_Sprint_F,Jump_Hand_Sprint_L,FPS_reload_crouch_HG_9mm,FPS_aimShoot_crouch_HG_9mm,FPS_Attach_Raise_HG_9mm,FPS_Attach_Idle_HG_9mm,none,none,none,none,none,none,none,none,none,none,none,none,none,none,none,none,none,none
,,,,,,,,,,,,,,,,,,,,,,,,,,,,,,,,,,,,,,,,,,,,,,,,,,,,,,,,,,,,,,,,,,,,,,,,,,,,,,,,,,,,,
HG_9B_Mk6_1,none,idle_stand_HG_Auto,FPS_aimIdle_standIdle_HG_9mm,idle_crouch_HG_Auto,FPS_aimIdle_crouch_HG_9mm,aimidle_prone_HG_Auto,FPS_aimIdle_standIdle_HG_9mm,aimidle_standIdle_HG_Auto,none,aimidle_runBlend_HG_Auto,none,aimidle_crouchBlend_HG_Auto,none,aimidle_prone_HG_Auto,none,reload_stand_HG_Auto,FPS_reload_standIdle_HG_9mm,reload_runBlend_HG_Auto,FPS_reload_standIdle_HG_9mm,reload_crouch_HG_Auto,FPS_reload_crouch_HG_9mm,reload_prone_HG_Auto,FPS_reload_standIdle_HG_9mm,aimShoot_standIdle_HG_Auto,FPS_aimShoot_standIdle_HG_9mm,aimShoot_runBlend_HG_Auto,FPS_aimShoot_standIdle_HG_9mm,aimShoot_crouch_HG_Auto,FPS_aimShoot_crouch_HG_9mm,aimShoot_prone_HG_Auto,FPS_aimShoot_standIdle_HG_9mm,Run_Blend_HG_Auto,FPS_Run_Blend_HG_9mm,Sprint_Blend_HG_Mold,FPS_Sprint_Blend_HG_9mm,aimIdle_crouchBlend_HG_Auto,FPS_Crouch_Blend_HG_9mm,Prone_Blend_ASR,FPS_Prone_Blend_ASR,prone_to_stand_HG_Auto,FPS_Stand_to_Prone,Stand_to_Prone_HG_Auto,FPS_Stand_to_Prone,aimIdle_crouch_HG_Auto,aimidle_prone_HG_Auto,prone_to_crouch_HG_Auto,none,crouch_to_prone_HG_Auto,none,reload_crouchBlend_HG_Auto,aimshoot_crouchBlend_HG_Auto,Jump_ASR_Idle_S,Jump_ASR_Idle_A,Jump_ASR_Idle_F,Jump_ASR_Idle_L,Jump_Hand_Run_S,Jump_Hand_Run_A,Jump_Hand_Run_F,Jump_Hand_Run_L,Jump_Hand_Sprint_S,Jump_Hand_Sprint_A,Jump_Hand_Sprint_F,Jump_Hand_Sprint_L,FPS_reload_crouch_HG_9mm,FPS_aimShoot_crouch_HG_9mm,FPS_Attach_Raise_HG_9mm,FPS_Attach_Idle_HG_9mm,none,none,none,none,none,none,none,none,none,none,none,none,none,none,none,none,none,none
HG_9B_Tier1,none,idle_stand_HG_Auto,FPS_aimIdle_standIdle_HG_9mm,idle_crouch_HG_Auto,FPS_aimIdle_crouch_HG_9mm,aimidle_prone_HG_Auto,FPS_aimIdle_standIdle_HG_9mm,aimidle_standIdle_HG_Auto,none,aimidle_runBlend_HG_Auto,none,aimidle_crouchBlend_HG_Auto,none,aimidle_prone_HG_Auto,none,reload_stand_HG_Auto,FPS_reload_standIdle_HG_9mm,reload_runBlend_HG_Auto,FPS_reload_standIdle_HG_9mm,reload_crouch_HG_Auto,FPS_reload_crouch_HG_9mm,reload_prone_HG_Auto,FPS_reload_standIdle_HG_9mm,aimShoot_standIdle_HG_Auto,FPS_aimShoot_standIdle_HG_9mm,aimShoot_runBlend_HG_Auto,FPS_aimShoot_standIdle_HG_9mm,aimShoot_crouch_HG_Auto,FPS_aimShoot_crouch_HG_9mm,aimShoot_prone_HG_Auto,FPS_aimShoot_standIdle_HG_9mm,Run_Blend_HG_Auto,FPS_Run_Blend_HG_9mm,Sprint_Blend_HG_Mold,FPS_Sprint_Blend_HG_9mm,aimIdle_crouchBlend_HG_Auto,FPS_Crouch_Blend_HG_9mm,Prone_Blend_ASR,FPS_Prone_Blend_ASR,prone_to_stand_HG_Auto,FPS_Stand_to_Prone,Stand_to_Prone_HG_Auto,FPS_Stand_to_Prone,aimIdle_crouch_HG_Auto,aimidle_prone_HG_Auto,prone_to_crouch_HG_Auto,none,crouch_to_prone_HG_Auto,none,reload_crouchBlend_HG_Auto,aimshoot_crouchBlend_HG_Auto,Jump_ASR_Idle_S,Jump_ASR_Idle_A,Jump_ASR_Idle_F,Jump_ASR_Idle_L,Jump_Hand_Run_S,Jump_Hand_Run_A,Jump_Hand_Run_F,Jump_Hand_Run_L,Jump_Hand_Sprint_S,Jump_Hand_Sprint_A,Jump_Hand_Sprint_F,Jump_Hand_Sprint_L,FPS_reload_crouch_HG_9mm,FPS_aimShoot_crouch_HG_9mm,FPS_Attach_Raise_HG_9mm,FPS_Attach_Idle_HG_9mm,none,none,none,none,none,none,none,none,none,none,none,none,none,none,none,none,none,none
HG_9B_Tier2,none,idle_stand_HG_Auto,FPS_aimIdle_standIdle_HG_9mm,idle_crouch_HG_Auto,FPS_aimIdle_crouch_HG_9mm,aimidle_prone_HG_Auto,FPS_aimIdle_standIdle_HG_9mm,aimidle_standIdle_HG_Auto,none,aimidle_runBlend_HG_Auto,none,aimidle_crouchBlend_HG_Auto,none,aimidle_prone_HG_Auto,none,reload_stand_HG_Auto,FPS_reload_standIdle_HG_9mm,reload_runBlend_HG_Auto,FPS_reload_standIdle_HG_9mm,reload_crouch_HG_Auto,FPS_reload_crouch_HG_9mm,reload_prone_HG_Auto,FPS_reload_standIdle_HG_9mm,aimShoot_standIdle_HG_Auto,FPS_aimShoot_standIdle_HG_9mm,aimShoot_runBlend_HG_Auto,FPS_aimShoot_standIdle_HG_9mm,aimShoot_crouch_HG_Auto,FPS_aimShoot_crouch_HG_9mm,aimShoot_prone_HG_Auto,FPS_aimShoot_standIdle_HG_9mm,Run_Blend_HG_Auto,FPS_Run_Blend_HG_9mm,Sprint_Blend_HG_Mold,FPS_Sprint_Blend_HG_9mm,aimIdle_crouchBlend_HG_Auto,FPS_Crouch_Blend_HG_9mm,Prone_Blend_ASR,FPS_Prone_Blend_ASR,prone_to_stand_HG_Auto,FPS_Stand_to_Prone,Stand_to_Prone_HG_Auto,FPS_Stand_to_Prone,aimIdle_crouch_HG_Auto,aimidle_prone_HG_Auto,prone_to_crouch_HG_Auto,none,crouch_to_prone_HG_Auto,none,reload_crouchBlend_HG_Auto,aimshoot_crouchBlend_HG_Auto,Jump_ASR_Idle_S,Jump_ASR_Idle_A,Jump_ASR_Idle_F,Jump_ASR_Idle_L,Jump_Hand_Run_S,Jump_Hand_Run_A,Jump_Hand_Run_F,Jump_Hand_Run_L,Jump_Hand_Sprint_S,Jump_Hand_Sprint_A,Jump_Hand_Sprint_F,Jump_Hand_Sprint_L,FPS_reload_crouch_HG_9mm,FPS_aimShoot_crouch_HG_9mm,FPS_Attach_Raise_HG_9mm,FPS_Attach_Idle_HG_9mm,none,none,none,none,none,none,none,none,none,none,none,none,none,none,none,none,none,none
,,,,,,,,,,,,,,,,,,,,,,,,,,,,,,,,,,,,,,,,,,,,,,,,,,,,,,,,,,,,,,,,,,,,,,,,,,,,,,,,,,,,,
PDW_HB2_Tier1,none,idle_stand_HG_Auto,FPS_aimIdle_standIdle_HB_SMG02,idle_crouch_HG_Auto,FPS_aimIdle_crouch_HB_SMG02,aimidle_prone_HG_Auto,FPS_aimIdle_standIdle_HB_SMG02,aimidle_standIdle_HG_Auto,none,aimidle_runBlend_HG_Auto,none,aimidle_crouchBlend_HG_Auto,none,aimidle_prone_HG_Auto,none,reload_stand_HG_Auto,FPS_reload_standIdle_HB_SMG02,reload_runBlend_HG_Auto,FPS_reload_standIdle_HB_SMG02,reload_crouch_HG_Auto,FPS_reload_crouch_HB_SMG02,reload_prone_ASR_SHRAM,FPS_reload_standIdle_HB_SMG02,aimShoot_standIdle_HG_Auto,FPS_aimShoot_standIdle_HB_SMG02,aimShoot_runBlend_HG_Auto,FPS_aimShoot_StandIdle_HB_SMG02,aimShoot_crouch_HG_Auto,FPS_aimShoot_crouch_HB_SMG02,aimShoot_prone_HG_Auto,FPS_aimShoot_standIdle_HB_SMG02,Run_Blend_HG_Auto,FPS_Run_Blend_HB_SMG02,Sprint_Blend_HG_Mold,FPS_Sprint_Blend_HB_SMG02,aimIdle_crouchBlend_HG_Auto,FPS_Crouch_Blend_HB_SMG02,Prone_Blend_ASR,FPS_Prone_Blend_ASR,prone_to_stand_HG_Auto,FPS_Stand_to_Prone,Stand_to_Prone_HG_Auto,FPS_Stand_to_Prone,aimIdle_crouch_HG_Auto,aimidle_prone_HG_Auto,prone_to_crouch_HG_Auto,none,crouch_to_prone_HG_Auto,none,reload_crouchBlend_HG_Auto,aimshoot_crouchBlend_HG_Auto,Jump_ASR_Idle_S,Jump_ASR_Idle_A,Jump_ASR_Idle_F,Jump_ASR_Idle_L,Jump_Hand_Run_S,Jump_Hand_Run_A,Jump_Hand_Run_F,Jump_Hand_Run_L,Jump_Hand_Sprint_S,Jump_Hand_Sprint_A,Jump_Hand_Sprint_F,Jump_Hand_Sprint_L,FPS_reload_crouch_HB_SMG02,FPS_aimShoot_crouch_HB_SMG02,FPS_Attach_Raise_HB_SMG02,FPS_Attach_Idle_HB_SMG02,none,none,none,none,none,none,none,none,none,none,none,none,none,none,none,none,none,none
PDW_HB2_Tier2,none,idle_stand_HG_Auto,FPS_aimIdle_standIdle_HB_SMG02,idle_crouch_HG_Auto,FPS_aimIdle_crouch_HB_SMG02,aimidle_prone_HG_Auto,FPS_aimIdle_standIdle_HB_SMG02,aimidle_standIdle_HG_Auto,none,aimidle_runBlend_HG_Auto,none,aimidle_crouchBlend_HG_Auto,none,aimidle_prone_HG_Auto,none,reload_stand_HG_Auto,FPS_reload_standIdle_HB_SMG02,reload_runBlend_HG_Auto,FPS_reload_standIdle_HB_SMG02,reload_crouch_HG_Auto,FPS_reload_crouch_HB_SMG02,reload_prone_ASR_SHRAM,FPS_reload_standIdle_HB_SMG02,aimShoot_standIdle_HG_Auto,FPS_aimShoot_standIdle_HB_SMG02,aimShoot_runBlend_HG_Auto,FPS_aimShoot_StandIdle_HB_SMG02,aimShoot_crouch_HG_Auto,FPS_aimShoot_crouch_HB_SMG02,aimShoot_prone_HG_Auto,FPS_aimShoot_standIdle_HB_SMG02,Run_Blend_HG_Auto,FPS_Run_Blend_HB_SMG02,Sprint_Blend_HG_Mold,FPS_Sprint_Blend_HB_SMG02,aimIdle_crouchBlend_HG_Auto,FPS_Crouch_Blend_HB_SMG02,Prone_Blend_ASR,FPS_Prone_Blend_ASR,prone_to_stand_HG_Auto,FPS_Stand_to_Prone,Stand_to_Prone_HG_Auto,FPS_Stand_to_Prone,aimIdle_crouch_HG_Auto,aimidle_prone_HG_Auto,prone_to_crouch_HG_Auto,none,crouch_to_prone_HG_Auto,none,reload_crouchBlend_HG_Auto,aimshoot_crouchBlend_HG_Auto,Jump_ASR_Idle_S,Jump_ASR_Idle_A,Jump_ASR_Idle_F,Jump_ASR_Idle_L,Jump_Hand_Run_S,Jump_Hand_Run_A,Jump_Hand_Run_F,Jump_Hand_Run_L,Jump_Hand_Sprint_S,Jump_Hand_Sprint_A,Jump_Hand_Sprint_F,Jump_Hand_Sprint_L,FPS_reload_crouch_HB_SMG02,FPS_aimShoot_crouch_HB_SMG02,FPS_Attach_Raise_HB_SMG02,FPS_Attach_Idle_HB_SMG02,none,none,none,none,none,none,none,none,none,none,none,none,none,none,none,none,none,none
,,,,,,,,,,,,,,,,,,,,,,,,,,,,,,,,,,,,,,,,,,,,,,,,,,,,,,,,,,,,,,,,,,,,,,,,,,,,,,,,,,,,,
PDW_HSE_Tier2,none,idle_stand_HG_Auto,FPS_aimIdle_standIdle_HG_9mm,idle_crouch_HG_Auto,FPS_aimIdle_crouch_HG_9mm,aimidle_prone_HG_Auto,FPS_aimIdle_standIdle_HG_9mm,aimidle_standIdle_HG_Auto,none,aimidle_runBlend_HG_Auto,none,aimidle_crouchBlend_HG_Auto,none,aimidle_prone_HG_Auto,none,reload_stand_SMG_HSE,FPS_reload_standIdle_SMG_HSE,reload_runBlend_SMG_HSE,FPS_reload_standIdle_SMG_HSE,reload_crouch_SMG_HSE,FPS_reload_crouch_SMG_HSE,reload_prone_SMG_HSE,FPS_reload_standIdle_SMG_HSE,aimShoot_standIdle_HG_Auto,FPS_aimShoot_standIdle_HG_9mm,aimShoot_runBlend_HG_Auto,FPS_aimShoot_standIdle_HG_9mm,aimShoot_crouch_HG_Auto,FPS_aimShoot_crouch_HG_9mm,aimShoot_prone_HG_Auto,FPS_aimShoot_standIdle_HG_9mm,Run_Blend_HG_Auto,FPS_Run_Blend_HG_9mm,Sprint_Blend_HG_Mold,FPS_Sprint_Blend_HG_9mm,aimIdle_crouchBlend_HG_Auto,FPS_Crouch_Blend_HG_9mm,Prone_Blend_ASR,FPS_Prone_Blend_ASR,prone_to_stand_HG_Auto,FPS_Stand_to_Prone,Stand_to_Prone_HG_Auto,FPS_Stand_to_Prone,aimIdle_crouch_HG_Auto,aimidle_prone_HG_Auto,prone_to_crouch_HG_Auto,none,crouch_to_prone_HG_Auto,none,reload_crouchBlend_HG_Auto,aimshoot_crouchBlend_HG_Auto,Jump_ASR_Idle_S,Jump_ASR_Idle_A,Jump_ASR_Idle_F,Jump_ASR_Idle_L,Jump_Hand_Run_S,Jump_Hand_Run_A,Jump_Hand_Run_F,Jump_Hand_Run_L,Jump_Hand_Sprint_S,Jump_Hand_Sprint_A,Jump_Hand_Sprint_F,Jump_Hand_Sprint_L,FPS_reload_crouch_HG_9mm,FPS_aimShoot_crouch_HG_9mm,FPS_Attach_Raise_HG_9mm,FPS_Attach_Idle_HG_9mm,none,none,none,none,none,none,none,none,none,none,none,none,none,none,none,none,none,none
PDW_HSE_Mk6_1,none,idle_stand_HG_Auto,FPS_aimIdle_standIdle_HB_SMG02,idle_crouch_HG_Auto,FPS_aimIdle_crouch_HB_SMG02,aimidle_prone_HG_Auto,FPS_aimIdle_standIdle_HB_SMG02,aimidle_standIdle_HG_Auto,none,aimidle_runBlend_HG_Auto,none,aimidle_crouchBlend_HG_Auto,none,aimidle_prone_HG_Auto,none,reload_stand_HG_Auto,FPS_reload_standIdle_HB_SMG02,reload_runBlend_HG_Auto,FPS_reload_standIdle_HB_SMG02,reload_crouch_HG_Auto,FPS_reload_crouch_HB_SMG02,reload_prone_ASR_SHRAM,FPS_reload_standIdle_HB_SMG02,aimShoot_standIdle_HG_Auto,FPS_aimShoot_standIdle_HB_SMG02,aimShoot_runBlend_HG_Auto,FPS_aimShoot_StandIdle_HB_SMG02,aimShoot_crouch_HG_Auto,FPS_aimShoot_crouch_HB_SMG02,aimShoot_prone_HG_Auto,FPS_aimShoot_standIdle_HB_SMG02,Run_Blend_HG_Auto,FPS_Run_Blend_HB_SMG02,Sprint_Blend_HG_Mold,FPS_Sprint_Blend_HB_SMG02,aimIdle_crouchBlend_HG_Auto,FPS_Crouch_Blend_HB_SMG02,Prone_Blend_ASR,FPS_Prone_Blend_ASR,prone_to_stand_HG_Auto,FPS_Stand_to_Prone,Stand_to_Prone_HG_Auto,FPS_Stand_to_Prone,aimIdle_crouch_HG_Auto,aimidle_prone_HG_Auto,prone_to_crouch_HG_Auto,none,crouch_to_prone_HG_Auto,none,reload_crouchBlend_HG_Auto,aimshoot_crouchBlend_HG_Auto,Jump_ASR_Idle_S,Jump_ASR_Idle_A,Jump_ASR_Idle_F,Jump_ASR_Idle_L,Jump_Hand_Run_S,Jump_Hand_Run_A,Jump_Hand_Run_F,Jump_Hand_Run_L,Jump_Hand_Sprint_S,Jump_Hand_Sprint_A,Jump_Hand_Sprint_F,Jump_Hand_Sprint_L,FPS_reload_crouch_HB_SMG02,FPS_aimShoot_crouch_HB_SMG02,FPS_Attach_Raise_HB_SMG02,FPS_Attach_Idle_HB_SMG02,none,none,none,none,none,none,none,none,none,none,none,none,none,none,none,none,none,none
,,,,,,,,,,,,,,,,,,,,,,,,,,,,,,,,,,,,,,,,,,,,,,,,,,,,,,,,,,,,,,,,,,,,,,,,,,,,,,,,,,,,,
HG_RV50_Tier2,none,idle_stand_HG_Auto,FPS_aimIdle_standIdle_HG_Revo,idle_crouch_HG_Auto,FPS_aimIdle_crouch_HG_Revo,aimidle_prone_HG_Auto,FPS_aimIdle_standIdle_HG_Revo,aimidle_standIdle_HG_Auto,none,aimidle_runBlend_HG_Auto,none,aimidle_crouchBlend_HG_Auto,none,aimidle_prone_HG_Auto,none,reload_stand_HG_Revo,FPS_reload_standIdle_HG_Revo,reload_runBlend_HG_Revo,FPS_reload_standIdle_HG_Revo,reload_crouch_HG_Revo,FPS_reload_crouch_HG_Revo,reload_prone_HG_Revo,FPS_reload_standIdle_HG_Revo,aimShoot_standIdle_HG_RV50c,FPS_aimShoot_standIdle_HG_RV50c,aimshoot_runBlend_HG_RV50c,FPS_aimShoot_standIdle_HG_RV50c,aimshoot_crouch_HG_RV50c,FPS_aimShoot_crouch_HG_RV50c,aimShoot_prone_HG_Auto,FPS_aimShoot_standIdle_HG_RV50c,Run_Blend_HG_Auto,FPS_Run_Blend_HG_Revo,Sprint_Blend_HG_Mold,FPS_Sprint_Blend_HG_Revo,aimIdle_crouchBlend_HG_Auto,FPS_Crouch_Blend_HG_Revo,Prone_Blend_ASR,FPS_Prone_Blend_ASR,prone_to_stand_HG_Auto,FPS_Stand_to_Prone,Stand_to_Prone_HG_Auto,FPS_Stand_to_Prone,aimIdle_crouch_HG_Auto,aimidle_prone_HG_Auto,prone_to_crouch_HG_Auto,none,crouch_to_prone_HG_Auto,none,reload_crouchBlend_HG_Auto,aimshoot_crouchBlend_HG_RV50c,Jump_ASR_Idle_S,Jump_ASR_Idle_A,Jump_ASR_Idle_F,Jump_ASR_Idle_L,Jump_Hand_Run_S,Jump_Hand_Run_A,Jump_Hand_Run_F,Jump_Hand_Run_L,Jump_Hand_Sprint_S,Jump_Hand_Sprint_A,Jump_Hand_Sprint_F,Jump_Hand_Sprint_L,FPS_reload_crouch_HG_Revo,FPS_aimShoot_crouch_HG_Revo,FPS_Attach_Raise_HG_Revo,FPS_Attach_Idle_HG_Revo,none,none,none,none,none,none,none,none,none,none,none,none,none,none,none,none,none,none
HG_RV50_Mk6_1,none,idle_stand_HG_Auto,FPS_aimIdle_standIdle_HG_Revo,idle_crouch_HG_Auto,FPS_aimIdle_crouch_HG_Revo,aimidle_prone_HG_Auto,FPS_aimIdle_standIdle_HG_Revo,aimidle_standIdle_HG_Auto,none,aimidle_runBlend_HG_Auto,none,aimidle_crouchBlend_HG_Auto,none,aimidle_prone_HG_Auto,none,reload_stand_HG_Revo,FPS_reload_standIdle_HG_Revo,reload_runBlend_HG_Revo,FPS_reload_standIdle_HG_Revo,reload_crouch_HG_Revo,FPS_reload_crouch_HG_Revo,reload_prone_HG_Revo,FPS_reload_standIdle_HG_Revo,aimShoot_standIdle_HG_Auto,FPS_aimShoot_standIdle_HG_RV50c,aimShoot_runBlend_HG_Auto,FPS_aimShoot_standIdle_HG_RV50c,aimShoot_crouch_HG_Auto,FPS_aimShoot_crouch_HG_RV50c,aimShoot_prone_HG_Auto,FPS_aimShoot_standIdle_HG_RV50c,Run_Blend_HG_Auto,FPS_Run_Blend_HG_Revo,Sprint_Blend_HG_Mold,FPS_Sprint_Blend_HG_Revo,aimIdle_crouchBlend_HG_Auto,FPS_Crouch_Blend_HG_Revo,Prone_Blend_ASR,FPS_Prone_Blend_ASR,prone_to_stand_HG_Auto,FPS_Stand_to_Prone,Stand_to_Prone_HG_Auto,FPS_Stand_to_Prone,aimIdle_crouch_HG_Auto,aimidle_prone_HG_Auto,prone_to_crouch_HG_Auto,none,crouch_to_prone_HG_Auto,none,reload_crouchBlend_HG_Auto,aimshoot_crouchBlend_HG_Auto,Jump_ASR_Idle_S,Jump_ASR_Idle_A,Jump_ASR_Idle_F,Jump_ASR_Idle_L,Jump_Hand_Run_S,Jump_Hand_Run_A,Jump_Hand_Run_F,Jump_Hand_Run_L,Jump_Hand_Sprint_S,Jump_Hand_Sprint_A,Jump_Hand_Sprint_F,Jump_Hand_Sprint_L,FPS_reload_crouch_HG_Revo,FPS_aimShoot_crouch_HG_Revo,FPS_Attach_Raise_HG_Revo,FPS_Attach_Idle_HG_Revo,none,none,none,none,none,none,none,none,none,none,none,none,none,none,none,none,none,none
,,,,,,,,,,,,,,,,,,,,,,,,,,,,,,,,,,,,,,,,,,,,,,,,,,,,,,,,,,,,,,,,,,,,,,,,,,,,,,,,,,,,,
HG_AP50_Tier2,none,idle_stand_HG_Auto,FPS_aimIdle_standIdle_HG_AP50,idle_crouch_HG_Auto,FPS_aimIdle_crouch_HG_9mm,aimidle_prone_HG_Auto,FPS_aimIdle_standIdle_HG_9mm,aimidle_standIdle_HG_Auto,none,aimidle_runBlend_HG_Auto,none,aimidle_crouchBlend_HG_Auto,none,aimidle_prone_HG_Auto,none,reload_stand_HG_Auto,FPS_reload_standIdle_HG_AP50,reload_runBlend_HG_Auto,FPS_reload_standIdle_HG_AP50,reload_crouch_HG_Auto,FPS_reload_standIdle_HG_AP50,reload_prone_HG_Auto,FPS_reload_standIdle_HG_AP50,aimShoot_standIdle_HG_Auto,FPS_aimShoot_standIdle_HG_AP50,aimShoot_runBlend_HG_Auto,FPS_aimShoot_standIdle_HG_AP50,aimShoot_crouch_HG_Auto,FPS_aimShoot_crouch_HG_AP50,aimShoot_prone_HG_Auto,FPS_aimShoot_standIdle_HG_AP50,Run_Blend_HG_Auto,FPS_Run_Blend_HG_AP50,Sprint_Blend_HG_Mold,FPS_Sprint_Blend_HG_9mm,aimIdle_crouchBlend_HG_Auto,FPS_Crouch_Blend_HG_9mm,Prone_Blend_ASR,FPS_Prone_Blend_ASR,prone_to_stand_HG_Auto,FPS_Stand_to_Prone,Stand_to_Prone_HG_Auto,FPS_Stand_to_Prone,aimIdle_crouch_HG_Auto,aimidle_prone_HG_Auto,prone_to_crouch_HG_Auto,none,crouch_to_prone_HG_Auto,none,reload_crouchBlend_HG_Auto,aimshoot_crouchBlend_HG_Auto,Jump_ASR_Idle_S,Jump_ASR_Idle_A,Jump_ASR_Idle_F,Jump_ASR_Idle_L,Jump_Hand_Run_S,Jump_Hand_Run_A,Jump_Hand_Run_F,Jump_Hand_Run_L,Jump_Hand_Sprint_S,Jump_Hand_Sprint_A,Jump_Hand_Sprint_F,Jump_Hand_Sprint_L,FPS_reload_standIdle_HG_AP50,FPS_aimShoot_crouch_HG_9mm,FPS_Attach_Raise_HG_9mm,FPS_Attach_Idle_HG_9mm,none,none,none,none,none,none,none,none,none,none,none,none,none,none,none,none,none,none
HG_AP50_Mk6_1,none,idle_stand_HG_Auto,FPS_aimIdle_standIdle_HG_AP50,idle_crouch_HG_Auto,FPS_aimIdle_crouch_HG_9mm,aimidle_prone_HG_Auto,FPS_aimIdle_standIdle_HG_9mm,aimidle_standIdle_HG_Auto,none,aimidle_runBlend_HG_Auto,none,aimidle_crouchBlend_HG_Auto,none,aimidle_prone_HG_Auto,none,reload_stand_HG_Auto,FPS_reload_standIdle_HG_AP50,reload_runBlend_HG_Auto,FPS_reload_standIdle_HG_AP50,reload_crouch_HG_Auto,FPS_reload_standIdle_HG_AP50,reload_prone_HG_Auto,FPS_reload_standIdle_HG_AP50,aimShoot_standIdle_HG_Auto,FPS_aimShoot_standIdle_HG_AP50,aimShoot_runBlend_HG_Auto,FPS_aimShoot_standIdle_HG_AP50,aimShoot_crouch_HG_Auto,FPS_aimShoot_crouch_HG_AP50,aimShoot_prone_HG_Auto,FPS_aimShoot_standIdle_HG_AP50,Run_Blend_HG_Auto,FPS_Run_Blend_HG_AP50,Sprint_Blend_HG_Mold,FPS_Sprint_Blend_HG_9mm,aimIdle_crouchBlend_HG_Auto,FPS_Crouch_Blend_HG_9mm,Prone_Blend_ASR,FPS_Prone_Blend_ASR,prone_to_stand_HG_Auto,FPS_Stand_to_Prone,Stand_to_Prone_HG_Auto,FPS_Stand_to_Prone,aimIdle_crouch_HG_Auto,aimidle_prone_HG_Auto,prone_to_crouch_HG_Auto,none,crouch_to_prone_HG_Auto,none,reload_crouchBlend_HG_Auto,aimshoot_crouchBlend_HG_Auto,Jump_ASR_Idle_S,Jump_ASR_Idle_A,Jump_ASR_Idle_F,Jump_ASR_Idle_L,Jump_Hand_Run_S,Jump_Hand_Run_A,Jump_Hand_Run_F,Jump_Hand_Run_L,Jump_Hand_Sprint_S,Jump_Hand_Sprint_A,Jump_Hand_Sprint_F,Jump_Hand_Sprint_L,FPS_reload_standIdle_HG_AP50,FPS_aimShoot_crouch_HG_9mm,FPS_Attach_Raise_HG_9mm,FPS_Attach_Idle_HG_9mm,none,none,none,none,none,none,none,none,none,none,none,none,none,none,none,none,none,none
,,,,,,,,,,,,,,,,,,,,,,,,,,,,,,,,,,,,,,,,,,,,,,,,,,,,,,,,,,,,,,,,,,,,,,,,,,,,,,,,,,,,,
HG_MicroUzi_Tier2,none,idle_stand_HG_Auto,FPS_aimIdle_standIdle_HG_MicroUzi,idle_crouch_HG_Auto,FPS_aimIdle_crouch_HG_9mm,aimidle_prone_HG_Auto,FPS_aimIdle_standIdle_HG_9mm,aimidle_standIdle_HG_Auto,none,aimidle_runBlend_HG_Auto,none,aimidle_crouchBlend_HG_Auto,none,aimidle_prone_HG_Auto,none,reload_stand_HG_Auto,FPS_reload_standIdle_HG_MicroUzi,reload_runBlend_HG_Auto,FPS_reload_standIdle_HG_MicroUzi,reload_crouch_HG_Auto,FPS_reload_standIdle_HG_MicroUzi,reload_prone_HG_Auto,FPS_reload_standIdle_HG_MicroUzi,aimShoot_standIdle_HG_Auto,FPS_aimShoot_standIdle_HG_MicroUzi,aimShoot_runBlend_HG_Auto,FPS_aimShoot_standIdle_HG_MicroUzi,aimShoot_crouch_HG_Auto,FPS_aimShoot_standIdle_HG_MicroUzi,aimShoot_prone_HG_Auto,FPS_aimShoot_standIdle_HG_MicroUzi,Run_Blend_HG_Auto,FPS_Run_Blend_HG_MicroUzi,Sprint_Blend_HG_Mold,FPS_Sprint_Blend_HG_9mm,aimIdle_crouchBlend_HG_Auto,FPS_Crouch_Blend_HG_9mm,Prone_Blend_ASR,FPS_Prone_Blend_ASR,prone_to_stand_HG_Auto,FPS_Stand_to_Prone,Stand_to_Prone_HG_Auto,FPS_Stand_to_Prone,aimIdle_crouch_HG_Auto,aimidle_prone_HG_Auto,prone_to_crouch_HG_Auto,none,crouch_to_prone_HG_Auto,none,reload_crouchBlend_HG_Auto,aimshoot_crouchBlend_HG_Auto,Jump_ASR_Idle_S,Jump_ASR_Idle_A,Jump_ASR_Idle_F,Jump_ASR_Idle_L,Jump_Hand_Run_S,Jump_Hand_Run_A,Jump_Hand_Run_F,Jump_Hand_Run_L,Jump_Hand_Sprint_S,Jump_Hand_Sprint_A,Jump_Hand_Sprint_F,Jump_Hand_Sprint_L,FPS_reload_standIdle_HG_AP50,FPS_aimShoot_crouch_HG_9mm,FPS_Attach_Raise_HG_9mm,FPS_Attach_Idle_HG_9mm,none,none,none,none,none,none,none,none,none,none,none,none,none,none,none,none,none,none
,,,,,,,,,,,,,,,,,,,,,,,,,,,,,,,,,,,,,,,,,,,,,,,,,,,,,,,,,,,,,,,,,,,,,,,,,,,,,,,,,,,,,
,,,,,,,,,,,,,,,,,,,,,,,,,,,,,,,,,,,,,,,,,,,,,,,,,,,,,,,,,,,,,,,,,,,,,,,,,,,,,,,,,,,,,
ASR_AK12_Tier1,none,idle_stand_ASR_HB,FPS_aimIdle_standIdle_ASR_AK12,idle_crouch_ASR_SHRAM,FPS_aimIdle_crouch_ASR_AK12,aimidle_prone_ASR_HB,FPS_aimIdle_prone_ASR_AK12,idle_stand_ASR_SHRAM_Combat,none,aimidle_runBlend_ASR_HB,none,aimidle_crouchBlend_ASR_SHRAM,none,aimidle_prone_ASR_HB,none,reload_stand_ASR_HB,FPS_reload_standIdle_ASR_AK12,reload_runBlend_ASR_HB,FPS_reload_standIdle_ASR_AK12,reload_crouch_ASR_HB,FPS_reload_crouch_ASR_AK12,reload_prone_ASR_HB,FPS_reload_prone_ASR_AK12,aimShoot_standIdle_ASR_HB,FPS_aimShoot_standIdle_ASR_AK12,aimShoot_runBlend_ASR_HB,FPS_aimShoot_standIdle_ASR_AK12,aimShoot_crouch_ASR_HB,FPS_aimShoot_crouch_ASR_AK12,aimShoot_prone_ASR_HB,FPS_aimShoot_prone_ASR_AK12,Run_Blend_ASR_SHRAM,FPS_Run_Blend_ASR_AK12,Sprint_Blend_ASR_SHRAM,FPS_Sprint_Blend_ASR_AK12,aimIdle_crouchBlend_ASR_SHRAM,FPS_Crouch_Blend_ASR_AK12,Prone_Blend_ASR,FPS_Prone_Blend_ASR,prone_to_stand_ASR_HB,FPS_Stand_to_Prone,Stand_to_Prone_ASR_HB,FPS_Stand_to_Prone,aimIdle_crouch_ASR_HB,aimidle_prone_ASR_HB,prone_to_crouch_ASR_HB,none,crouch_to_prone_ASR_HB,none,reload_crouchBlend_ASR_HB,aimshoot_crouchBlend_ASR_SHRAM,Jump_ASR_Idle_S,Jump_ASR_Idle_A,Jump_ASR_Idle_F,Jump_ASR_Idle_L,Jump_ASR_Run_S,Jump_ASR_Run_A,Jump_ASR_Run_F,Jump_ASR_Run_L,Jump_ASR_Sprint_S,Jump_ASR_Sprint_A,Jump_ASR_Sprint_F,Jump_ASR_Sprint_L,FPS_reload_crouch_ASR_AK12,FPS_aimShoot_crouch_ASR_SHRAM,FPS_Attach_Raise_ASR_AK12,FPS_Attach_Idle_ASR_AK12,none,none,none,none,none,none,none,none,none,none,none,none,none,none,none,none,none,none
ASR_AK12_Tier2,none,idle_stand_ASR_HB,FPS_aimIdle_standIdle_ASR_AK12,idle_crouch_ASR_SHRAM,FPS_aimIdle_crouch_ASR_AK12,aimidle_prone_ASR_HB,FPS_aimIdle_prone_ASR_AK12,idle_stand_ASR_SHRAM_Combat,none,aimidle_runBlend_ASR_HB,none,aimidle_crouchBlend_ASR_SHRAM,none,aimidle_prone_ASR_HB,none,reload_stand_ASR_HB,FPS_reload_standIdle_ASR_AK12,reload_runBlend_ASR_HB,FPS_reload_standIdle_ASR_AK12,reload_crouch_ASR_HB,FPS_reload_crouch_ASR_AK12,reload_prone_ASR_HB,FPS_reload_prone_ASR_AK12,aimShoot_standIdle_ASR_HB,FPS_aimShoot_standIdle_ASR_AK12,aimShoot_runBlend_ASR_HB,FPS_aimShoot_standIdle_ASR_AK12,aimShoot_crouch_ASR_HB,FPS_aimShoot_crouch_ASR_AK12,aimShoot_prone_ASR_HB,FPS_aimShoot_prone_ASR_AK12,Run_Blend_ASR_SHRAM,FPS_Run_Blend_ASR_AK12,Sprint_Blend_ASR_SHRAM,FPS_Sprint_Blend_ASR_AK12,aimIdle_crouchBlend_ASR_SHRAM,FPS_Crouch_Blend_ASR_AK12,Prone_Blend_ASR,FPS_Prone_Blend_ASR,prone_to_stand_ASR_HB,FPS_Stand_to_Prone,Stand_to_Prone_ASR_HB,FPS_Stand_to_Prone,aimIdle_crouch_ASR_HB,aimidle_prone_ASR_HB,prone_to_crouch_ASR_HB,none,crouch_to_prone_ASR_HB,none,reload_crouchBlend_ASR_HB,aimshoot_crouchBlend_ASR_SHRAM,Jump_ASR_Idle_S,Jump_ASR_Idle_A,Jump_ASR_Idle_F,Jump_ASR_Idle_L,Jump_ASR_Run_S,Jump_ASR_Run_A,Jump_ASR_Run_F,Jump_ASR_Run_L,Jump_ASR_Sprint_S,Jump_ASR_Sprint_A,Jump_ASR_Sprint_F,Jump_ASR_Sprint_L,FPS_reload_crouch_ASR_AK12,FPS_aimShoot_crouch_ASR_SHRAM,FPS_Attach_Raise_ASR_AK12,FPS_Attach_Idle_ASR_AK12,none,none,none,none,none,none,none,none,none,none,none,none,none,none,none,none,none,none
ASR_AK12_Mk6_1,none,idle_stand_ASR_HB,FPS_aimIdle_standIdle_ASR_AK12,idle_crouch_ASR_SHRAM,FPS_aimIdle_crouch_ASR_AK12,aimidle_prone_ASR_HB,FPS_aimIdle_prone_ASR_AK12,idle_stand_ASR_SHRAM_Combat,none,aimidle_runBlend_ASR_HB,none,aimidle_crouchBlend_ASR_SHRAM,none,aimidle_prone_ASR_HB,none,reload_stand_ASR_HB,FPS_reload_standIdle_ASR_AK12,reload_runBlend_ASR_HB,FPS_reload_standIdle_ASR_AK12,reload_crouch_ASR_HB,FPS_reload_crouch_ASR_AK12,reload_prone_ASR_HB,FPS_reload_prone_ASR_AK12,aimShoot_standIdle_ASR_HB,FPS_aimShoot_standIdle_ASR_AK12,aimShoot_runBlend_ASR_HB,FPS_aimShoot_standIdle_ASR_AK12,aimShoot_crouch_ASR_HB,FPS_aimShoot_crouch_ASR_AK12,aimShoot_prone_ASR_HB,FPS_aimShoot_prone_ASR_AK12,Run_Blend_ASR_SHRAM,FPS_Run_Blend_ASR_AK12,Sprint_Blend_ASR_SHRAM,FPS_Sprint_Blend_ASR_AK12,aimIdle_crouchBlend_ASR_SHRAM,FPS_Crouch_Blend_ASR_AK12,Prone_Blend_ASR,FPS_Prone_Blend_ASR,prone_to_stand_ASR_HB,FPS_Stand_to_Prone,Stand_to_Prone_ASR_HB,FPS_Stand_to_Prone,aimIdle_crouch_ASR_HB,aimidle_prone_ASR_HB,prone_to_crouch_ASR_HB,none,crouch_to_prone_ASR_HB,none,reload_crouchBlend_ASR_HB,aimshoot_crouchBlend_ASR_SHRAM,Jump_ASR_Idle_S,Jump_ASR_Idle_A,Jump_ASR_Idle_F,Jump_ASR_Idle_L,Jump_ASR_Run_S,Jump_ASR_Run_A,Jump_ASR_Run_F,Jump_ASR_Run_L,Jump_ASR_Sprint_S,Jump_ASR_Sprint_A,Jump_ASR_Sprint_F,Jump_ASR_Sprint_L,FPS_reload_crouch_ASR_AK12,FPS_aimShoot_crouch_ASR_SHRAM,FPS_Attach_Raise_ASR_AK12,FPS_Attach_Idle_ASR_AK12,none,none,none,none,none,none,none,none,none,none,none,none,none,none,none,none,none,none
,,,,,,,,,,,,,,,,,,,,,,,,,,,,,,,,,,,,,,,,,,,,,,,,,,,,,,,,,,,,,,,,,,,,,,,,,,,,,,,,,,,,,
ASR_WDX_Tier1,none,idle_stand_ASR_HB,FPS_aimIdle_standIdle_ASR_HB_01,idle_crouch_ASR_SHRAM,FPS_aimIdle_crouch_ASR_HB_01,aimidle_prone_ASR_HB,FPS_aimIdle_prone_ASR_HB_01,idle_stand_ASR_SHRAM_Combat,none,aimidle_runBlend_ASR_HB,none,aimidle_crouchBlend_ASR_SHRAM,none,aimidle_prone_ASR_HB,none,reload_stand_ASR_HB,FPS_reload_standIdle_ASR_HB_01,reload_runBlend_ASR_HB,FPS_reload_standIdle_ASR_HB_01,reload_crouch_ASR_HB,FPS_reload_crouch_ASR_HB_01,reload_prone_ASR_HB,FPS_reload_prone_ASR_HB_01,aimShoot_standIdle_ASR_HB,FPS_aimShoot_standIdle_ASR_HB_01,aimShoot_runBlend_ASR_HB,FPS_aimShoot_standIdle_ASR_HB_01,aimShoot_crouch_ASR_HB,FPS_aimShoot_crouch_ASR_HB_01,aimShoot_prone_ASR_HB,FPS_aimShoot_prone_ASR_HB_01,Run_Blend_ASR_SHRAM,FPS_Run_Blend_ASR_HB_01,Sprint_Blend_ASR_SHRAM,FPS_Sprint_Blend_ASR_HB_01,aimIdle_crouchBlend_ASR_SHRAM,FPS_Crouch_Blend_ASR_HB_01,Prone_Blend_ASR,FPS_Prone_Blend_ASR,prone_to_stand_ASR_HB,FPS_Stand_to_Prone,Stand_to_Prone_ASR_HB,FPS_Stand_to_Prone,aimIdle_crouch_ASR_HB,aimidle_prone_ASR_HB,prone_to_crouch_ASR_HB,none,crouch_to_prone_ASR_HB,none,reload_crouchBlend_ASR_HB,aimshoot_crouchBlend_ASR_SHRAM,Jump_ASR_Idle_S,Jump_ASR_Idle_A,Jump_ASR_Idle_F,Jump_ASR_Idle_L,Jump_ASR_Run_S,Jump_ASR_Run_A,Jump_ASR_Run_F,Jump_ASR_Run_L,Jump_ASR_Sprint_S,Jump_ASR_Sprint_A,Jump_ASR_Sprint_F,Jump_ASR_Sprint_L,FPS_reload_crouch_ASR_HB_01,FPS_aimShoot_crouch_ASR_HB_01,FPS_Attach_Raise_ASR_HB_01,FPS_Attach_Idle_ASR_HB_01,none,none,none,none,none,none,none,none,none,none,none,none,none,none,none,none,none,none
ASR_WDX_Tier2,none,idle_stand_ASR_HB,FPS_aimIdle_standIdle_ASR_HB_01,idle_crouch_ASR_SHRAM,FPS_aimIdle_crouch_ASR_HB_01,aimidle_prone_ASR_HB,FPS_aimIdle_prone_ASR_HB_01,idle_stand_ASR_SHRAM_Combat,none,aimidle_runBlend_ASR_HB,none,aimidle_crouchBlend_ASR_SHRAM,none,aimidle_prone_ASR_HB,none,reload_stand_ASR_HB,FPS_reload_standIdle_ASR_HB_01,reload_runBlend_ASR_HB,FPS_reload_standIdle_ASR_HB_01,reload_crouch_ASR_HB,FPS_reload_crouch_ASR_HB_01,reload_prone_ASR_HB,FPS_reload_prone_ASR_HB_01,aimShoot_standIdle_ASR_HB,FPS_aimShoot_standIdle_ASR_HB_01,aimShoot_runBlend_ASR_HB,FPS_aimShoot_standIdle_ASR_HB_01,aimShoot_crouch_ASR_HB,FPS_aimShoot_crouch_ASR_HB_01,aimShoot_prone_ASR_HB,FPS_aimShoot_prone_ASR_HB_01,Run_Blend_ASR_SHRAM,FPS_Run_Blend_ASR_HB_01,Sprint_Blend_ASR_SHRAM,FPS_Sprint_Blend_ASR_HB_01,aimIdle_crouchBlend_ASR_SHRAM,FPS_Crouch_Blend_ASR_HB_01,Prone_Blend_ASR,FPS_Prone_Blend_ASR,prone_to_stand_ASR_HB,FPS_Stand_to_Prone,Stand_to_Prone_ASR_HB,FPS_Stand_to_Prone,aimIdle_crouch_ASR_HB,aimidle_prone_ASR_HB,prone_to_crouch_ASR_HB,none,crouch_to_prone_ASR_HB,none,reload_crouchBlend_ASR_HB,aimshoot_crouchBlend_ASR_SHRAM,Jump_ASR_Idle_S,Jump_ASR_Idle_A,Jump_ASR_Idle_F,Jump_ASR_Idle_L,Jump_ASR_Run_S,Jump_ASR_Run_A,Jump_ASR_Run_F,Jump_ASR_Run_L,Jump_ASR_Sprint_S,Jump_ASR_Sprint_A,Jump_ASR_Sprint_F,Jump_ASR_Sprint_L,FPS_reload_crouch_ASR_HB_01,FPS_aimShoot_crouch_ASR_HB_01,FPS_Attach_Raise_ASR_HB_01,FPS_Attach_Idle_ASR_HB_01,none,none,none,none,none,none,none,none,none,none,none,none,none,none,none,none,none,none
ASR_WDX_Mk6_1,none,idle_stand_ASR_HB,FPS_aimIdle_standIdle_ASR_HB_01,idle_crouch_ASR_SHRAM,FPS_aimIdle_crouch_ASR_HB_01,aimidle_prone_ASR_HB,FPS_aimIdle_prone_ASR_HB_01,idle_stand_ASR_SHRAM_Combat,none,aimidle_runBlend_ASR_HB,none,aimidle_crouchBlend_ASR_SHRAM,none,aimidle_prone_ASR_HB,none,reload_stand_ASR_HB,FPS_reload_standIdle_ASR_HB_01,reload_runBlend_ASR_HB,FPS_reload_standIdle_ASR_HB_01,reload_crouch_ASR_HB,FPS_reload_crouch_ASR_HB_01,reload_prone_ASR_HB,FPS_reload_prone_ASR_HB_01,aimShoot_standIdle_ASR_HB,FPS_aimShoot_standIdle_ASR_HB_01,aimShoot_runBlend_ASR_HB,FPS_aimShoot_standIdle_ASR_HB_01,aimShoot_crouch_ASR_HB,FPS_aimShoot_crouch_ASR_HB_01,aimShoot_prone_ASR_HB,FPS_aimShoot_prone_ASR_HB_01,Run_Blend_ASR_SHRAM,FPS_Run_Blend_ASR_HB_01,Sprint_Blend_ASR_SHRAM,FPS_Sprint_Blend_ASR_HB_01,aimIdle_crouchBlend_ASR_SHRAM,FPS_Crouch_Blend_ASR_HB_01,Prone_Blend_ASR,FPS_Prone_Blend_ASR,prone_to_stand_ASR_HB,FPS_Stand_to_Prone,Stand_to_Prone_ASR_HB,FPS_Stand_to_Prone,aimIdle_crouch_ASR_HB,aimidle_prone_ASR_HB,prone_to_crouch_ASR_HB,none,crouch_to_prone_ASR_HB,none,reload_crouchBlend_ASR_HB,aimshoot_crouchBlend_ASR_SHRAM,Jump_ASR_Idle_S,Jump_ASR_Idle_A,Jump_ASR_Idle_F,Jump_ASR_Idle_L,Jump_ASR_Run_S,Jump_ASR_Run_A,Jump_ASR_Run_F,Jump_ASR_Run_L,Jump_ASR_Sprint_S,Jump_ASR_Sprint_A,Jump_ASR_Sprint_F,Jump_ASR_Sprint_L,FPS_reload_crouch_ASR_HB_01,FPS_aimShoot_crouch_ASR_HB_01,FPS_Attach_Raise_ASR_HB_01,FPS_Attach_Idle_ASR_HB_01,none,none,none,none,none,none,none,none,none,none,none,none,none,none,none,none,none,none
,,,,,,,,,,,,,,,,,,,,,,,,,,,,,,,,,,,,,,,,,,,,,,,,,,,,,,,,,,,,,,,,,,,,,,,,,,,,,,,,,,,,,
ASR_HB_Tier1,none,idle_stand_ASR_HB,FPS_aimIdle_standIdle_ASR_HB,idle_crouch_ASR_HB,FPS_aimIdle_crouch_ASR_HB,aimidle_prone_ASR_HB,FPS_aimIdle_prone_ASR_HB,idle_stand_ASR_SHRAM_Combat,none,aimidle_runBlend_ASR_HB,none,aimidle_crouchBlend_ASR_SHRAM,none,aimidle_prone_ASR_HB,none,reload_stand_ASR_HB,FPS_reload_standIdle_ASR_HB,reload_runBlend_ASR_HB,FPS_reload_standIdle_ASR_HB,reload_crouch_ASR_HB,FPS_reload_crouch_ASR_HB,reload_prone_ASR_HB,FPS_reload_prone_ASR_HB,aimShoot_standIdle_ASR_HB,FPS_aimShoot_standIdle_ASR_HB,aimShoot_runBlend_ASR_HB,FPS_aimShoot_standIdle_ASR_HB,aimShoot_crouch_ASR_HB,FPS_aimShoot_crouch_ASR_HB,aimShoot_prone_ASR_HB,FPS_aimShoot_prone_ASR_HB,Run_Blend_ASR_SHRAM,FPS_Run_Blend_ASR_HB,Sprint_Blend_ASR_SHRAM,FPS_Sprint_Blend_ASR_HB,aimIdle_crouchBlend_ASR_SHRAM,FPS_Crouch_Blend_ASR_HB,Prone_Blend_ASR,FPS_Prone_Blend_ASR,prone_to_stand_ASR_HB,FPS_Stand_to_Prone,Stand_to_Prone_ASR_HB,FPS_Stand_to_Prone,aimIdle_crouch_ASR_HB,aimidle_prone_ASR_HB,prone_to_crouch_ASR_HB,none,crouch_to_prone_ASR_HB,none,reload_crouchBlend_ASR_HB,aimshoot_crouchBlend_ASR_SHRAM,Jump_ASR_Idle_S,Jump_ASR_Idle_A,Jump_ASR_Idle_F,Jump_ASR_Idle_L,Jump_ASR_Run_S,Jump_ASR_Run_A,Jump_ASR_Run_F,Jump_ASR_Run_L,Jump_ASR_Sprint_S,Jump_ASR_Sprint_A,Jump_ASR_Sprint_F,Jump_ASR_Sprint_L,FPS_reload_crouch_ASR_HB,FPS_aimShoot_crouch_ASR_SHRAM,FPS_Attach_Raise_ASR_HB,FPS_Attach_Idle_ASR_HB,none,none,none,none,none,none,none,none,none,none,none,none,none,none,none,none,none,none
ASR_HB_Tier2,none,idle_stand_ASR_HB,FPS_aimIdle_standIdle_ASR_HB,idle_crouch_ASR_HB,FPS_aimIdle_crouch_ASR_HB,aimidle_prone_ASR_HB,FPS_aimIdle_prone_ASR_HB,idle_stand_ASR_SHRAM_Combat,none,aimidle_runBlend_ASR_HB,none,aimidle_crouchBlend_ASR_SHRAM,none,aimidle_prone_ASR_HB,none,reload_stand_ASR_HB,FPS_reload_standIdle_ASR_HB,reload_runBlend_ASR_HB,FPS_reload_standIdle_ASR_HB,reload_crouch_ASR_HB,FPS_reload_crouch_ASR_HB,reload_prone_ASR_HB,FPS_reload_prone_ASR_HB,aimShoot_standIdle_ASR_HB,FPS_aimShoot_standIdle_ASR_HB,aimShoot_runBlend_ASR_HB,FPS_aimShoot_standIdle_ASR_HB,aimShoot_crouch_ASR_HB,FPS_aimShoot_crouch_ASR_HB,aimShoot_prone_ASR_HB,FPS_aimShoot_prone_ASR_HB,Run_Blend_ASR_SHRAM,FPS_Run_Blend_ASR_HB,Sprint_Blend_ASR_SHRAM,FPS_Sprint_Blend_ASR_HB,aimIdle_crouchBlend_ASR_SHRAM,FPS_Crouch_Blend_ASR_HB,Prone_Blend_ASR,FPS_Prone_Blend_ASR,prone_to_stand_ASR_HB,FPS_Stand_to_Prone,Stand_to_Prone_ASR_HB,FPS_Stand_to_Prone,aimIdle_crouch_ASR_HB,aimidle_prone_ASR_HB,prone_to_crouch_ASR_HB,none,crouch_to_prone_ASR_HB,none,reload_crouchBlend_ASR_HB,aimshoot_crouchBlend_ASR_SHRAM,Jump_ASR_Idle_S,Jump_ASR_Idle_A,Jump_ASR_Idle_F,Jump_ASR_Idle_L,Jump_ASR_Run_S,Jump_ASR_Run_A,Jump_ASR_Run_F,Jump_ASR_Run_L,Jump_ASR_Sprint_S,Jump_ASR_Sprint_A,Jump_ASR_Sprint_F,Jump_ASR_Sprint_L,FPS_reload_crouch_ASR_HB,FPS_aimShoot_crouch_ASR_SHRAM,FPS_Attach_Raise_ASR_HB,FPS_Attach_Idle_ASR_HB,none,none,none,none,none,none,none,none,none,none,none,none,none,none,none,none,none,none
ASR_HB_Mk6_1,none,idle_stand_ASR_HB,FPS_aimIdle_standIdle_ASR_HB,idle_crouch_ASR_HB,FPS_aimIdle_crouch_ASR_HB,aimidle_prone_ASR_HB,FPS_aimIdle_prone_ASR_HB,idle_stand_ASR_SHRAM_Combat,none,aimidle_runBlend_ASR_HB,none,aimidle_crouchBlend_ASR_SHRAM,none,aimidle_prone_ASR_HB,none,reload_stand_ASR_HB,FPS_reload_standIdle_ASR_HB,reload_runBlend_ASR_HB,FPS_reload_standIdle_ASR_HB,reload_crouch_ASR_HB,FPS_reload_crouch_ASR_HB,reload_prone_ASR_HB,FPS_reload_prone_ASR_HB,aimShoot_standIdle_ASR_HB,FPS_aimShoot_standIdle_ASR_HB,aimShoot_runBlend_ASR_HB,FPS_aimShoot_standIdle_ASR_HB,aimShoot_crouch_ASR_HB,FPS_aimShoot_crouch_ASR_HB,aimShoot_prone_ASR_HB,FPS_aimShoot_prone_ASR_HB,Run_Blend_ASR_SHRAM,FPS_Run_Blend_ASR_HB,Sprint_Blend_ASR_SHRAM,FPS_Sprint_Blend_ASR_HB,aimIdle_crouchBlend_ASR_SHRAM,FPS_Crouch_Blend_ASR_HB,Prone_Blend_ASR,FPS_Prone_Blend_ASR,prone_to_stand_ASR_HB,FPS_Stand_to_Prone,Stand_to_Prone_ASR_HB,FPS_Stand_to_Prone,aimIdle_crouch_ASR_HB,aimidle_prone_ASR_HB,prone_to_crouch_ASR_HB,none,crouch_to_prone_ASR_HB,none,reload_crouchBlend_ASR_HB,aimshoot_crouchBlend_ASR_SHRAM,Jump_ASR_Idle_S,Jump_ASR_Idle_A,Jump_ASR_Idle_F,Jump_ASR_Idle_L,Jump_ASR_Run_S,Jump_ASR_Run_A,Jump_ASR_Run_F,Jump_ASR_Run_L,Jump_ASR_Sprint_S,Jump_ASR_Sprint_A,Jump_ASR_Sprint_F,Jump_ASR_Sprint_L,FPS_reload_crouch_ASR_HB,FPS_aimShoot_crouch_ASR_SHRAM,FPS_Attach_Raise_ASR_HB,FPS_Attach_Idle_ASR_HB,none,none,none,none,none,none,none,none,none,none,none,none,none,none,none,none,none,none
,,,,,,,,,,,,,,,,,,,,,,,,,,,,,,,,,,,,,,,,,,,,,,,,,,,,,,,,,,,,,,,,,,,,,,,,,,,,,,,,,,,,,
ASR_THOR5_Tier2,none,idle_stand_ASR_THOR,FPS_aimIdle_standIdle_ASR_SHRAM,idle_crouch_ASR_THOR,FPS_aimIdle_crouch_ASR_SHRAM,aimidle_prone_ASR_SHRAM,FPS_aimIdle_prone_ASR_SHRAM,idle_stand_ASR_SHRAM_Combat,none,aimidle_runBlend_ASR_SHRAM,none,aimidle_crouchBlend_ASR_SHRAM,none,aimidle_prone_ASR_SHRAM,none,reload_stand_ASR_SHRAM,FPS_reload_standIdle_ASR_SHRAM,reload_runBlend_ASR_SHRAM,FPS_reload_standIdle_ASR_SHRAM,reload_crouch_ASR_SHRAM,FPS_reload_crouch_ASR_SHRAM,reload_prone_ASR_SHRAM,FPS_reload_prone_ASR_SHRAM,aimShoot_standIdle_ASR_SHRAM,FPS_aimShoot_standIdle_ASR_SHRAM,aimShoot_runBlend_ASR_SHRAM,FPS_aimShoot_standIdle_ASR_SHRAM,aimShoot_crouch_ASR_SHRAM,FPS_aimShoot_crouch_ASR_SHRAM,aimShoot_prone_ASR_SHRAM,FPS_aimShoot_prone_ASR_SHRAM,Run_Blend_ASR_SHRAM,FPS_Run_Blend_ASR_SHRAM,Sprint_Blend_ASR_SHRAM,FPS_Sprint_Blend_ASR_SHRAM,aimIdle_crouchBlend_ASR_SHRAM,FPS_Crouch_Blend_ASR_SHRAM,Prone_Blend_ASR,FPS_Prone_Blend_ASR,prone_to_stand_ASR_SHRAM,FPS_Stand_to_Prone,Stand_to_Prone_ASR_SHRAM,FPS_Stand_to_Prone,aimIdle_crouch_ASR_HB,aimidle_prone_ASR_SHRAM,prone_to_crouch_ASR_SHRAM,none,crouch_to_prone_ASR_SHRAM,none,reload_crouchBlend_ASR_SHRAM,aimshoot_crouchBlend_ASR_SHRAM,Jump_ASR_Idle_S,Jump_ASR_Idle_A,Jump_ASR_Idle_F,Jump_ASR_Idle_L,Jump_ASR_Run_S,Jump_ASR_Run_A,Jump_ASR_Run_F,Jump_ASR_Run_L,Jump_ASR_Sprint_S,Jump_ASR_Sprint_A,Jump_ASR_Sprint_F,Jump_ASR_Sprint_L,FPS_reload_crouch_ASR_SHRAM,FPS_aimShoot_crouch_ASR_SHRAM,FPS_Attach_Raise_ASR_SHRAM,FPS_Attach_Idle_ASR_SHRAM,none,none,none,none,none,none,none,none,none,none,none,none,none,none,none,none,none,none
ASR_THOR5_Mk6_1,none,idle_stand_ASR_THOR,FPS_aimIdle_standIdle_ASR_SHRAM,idle_crouch_ASR_THOR,FPS_aimIdle_crouch_ASR_SHRAM,aimidle_prone_ASR_SHRAM,FPS_aimIdle_prone_ASR_SHRAM,idle_stand_ASR_SHRAM_Combat,none,aimidle_runBlend_ASR_SHRAM,none,aimidle_crouchBlend_ASR_SHRAM,none,aimidle_prone_ASR_SHRAM,none,reload_stand_ASR_SHRAM,FPS_reload_standIdle_ASR_SHRAM,reload_runBlend_ASR_SHRAM,FPS_reload_standIdle_ASR_SHRAM,reload_crouch_ASR_SHRAM,FPS_reload_crouch_ASR_SHRAM,reload_prone_ASR_SHRAM,FPS_reload_prone_ASR_SHRAM,aimShoot_standIdle_ASR_SHRAM,FPS_aimShoot_standIdle_ASR_SHRAM,aimShoot_runBlend_ASR_SHRAM,FPS_aimShoot_standIdle_ASR_SHRAM,aimShoot_crouch_ASR_SHRAM,FPS_aimShoot_crouch_ASR_SHRAM,aimShoot_prone_ASR_SHRAM,FPS_aimShoot_prone_ASR_SHRAM,Run_Blend_ASR_SHRAM,FPS_Run_Blend_ASR_SHRAM,Sprint_Blend_ASR_SHRAM,FPS_Sprint_Blend_ASR_SHRAM,aimIdle_crouchBlend_ASR_SHRAM,FPS_Crouch_Blend_ASR_SHRAM,Prone_Blend_ASR,FPS_Prone_Blend_ASR,prone_to_stand_ASR_SHRAM,FPS_Stand_to_Prone,Stand_to_Prone_ASR_SHRAM,FPS_Stand_to_Prone,aimIdle_crouch_ASR_HB,aimidle_prone_ASR_SHRAM,prone_to_crouch_ASR_SHRAM,none,crouch_to_prone_ASR_SHRAM,none,reload_crouchBlend_ASR_SHRAM,aimshoot_crouchBlend_ASR_SHRAM,Jump_ASR_Idle_S,Jump_ASR_Idle_A,Jump_ASR_Idle_F,Jump_ASR_Idle_L,Jump_ASR_Run_S,Jump_ASR_Run_A,Jump_ASR_Run_F,Jump_ASR_Run_L,Jump_ASR_Sprint_S,Jump_ASR_Sprint_A,Jump_ASR_Sprint_F,Jump_ASR_Sprint_L,FPS_reload_crouch_ASR_SHRAM,FPS_aimShoot_crouch_ASR_SHRAM,FPS_Attach_Raise_ASR_SHRAM,FPS_Attach_Idle_ASR_SHRAM,none,none,none,none,none,none,none,none,none,none,none,none,none,none,none,none,none,none
,,,,,,,,,,,,,,,,,,,,,,,,,,,,,,,,,,,,,,,,,,,,,,,,,,,,,,,,,,,,,,,,,,,,,,,,,,,,,,,,,,,,,
ASR_TRX4_Tier2,none,idle_stand_ASR_HB,FPS_aimIdle_standIdle_ASR_Tar30,idle_crouch_ASR_SHRAM,FPS_aimIdle_crouch_ASR_Tar30,aimidle_prone_ASR_SHRAM,FPS_aimIdle_prone_ASR_SHRAM,idle_stand_ASR_SHRAM_Combat,none,aimidle_runBlend_ASR_SHRAM,none,aimidle_crouchBlend_ASR_SHRAM,none,aimidle_prone_ASR_SHRAM,none,reload_stand_ASR_SHRAM,FPS_reload_standIdle_ASR_Tar30,reload_runBlend_ASR_SHRAM,FPS_reload_standIdle_ASR_Tar30,reload_crouch_ASR_SHRAM,FPS_reload_crouch_ASR_Tar30,reload_prone_ASR_SHRAM,FPS_reload_prone_ASR_SHRAM,aimShoot_standIdle_ASR_SHRAM,FPS_aimShoot_standIdle_ASR_Tar30,aimShoot_runBlend_ASR_SHRAM,FPS_aimShoot_standIdle_ASR_Tar30,aimShoot_crouch_ASR_SHRAM,FPS_aimShoot_crouch_ASR_Tar30,aimShoot_prone_ASR_SHRAM,FPS_aimShoot_prone_ASR_SHRAM,Run_Blend_ASR_SHRAM,FPS_Run_Blend_ASR_Tar30,Sprint_Blend_ASR_SHRAM,FPS_Sprint_Blend_ASR_Tar30,aimIdle_crouchBlend_ASR_SHRAM,FPS_Crouch_Blend_ASR_Tar30,Prone_Blend_ASR,FPS_Prone_Blend_ASR,prone_to_stand_ASR_SHRAM,FPS_Stand_to_Prone,Stand_to_Prone_ASR_SHRAM,FPS_Stand_to_Prone,aimIdle_crouch_ASR_HB,aimidle_prone_ASR_SHRAM,prone_to_crouch_ASR_SHRAM,none,crouch_to_prone_ASR_SHRAM,none,reload_crouchBlend_ASR_SHRAM,aimshoot_crouchBlend_ASR_SHRAM,Jump_ASR_Idle_S,Jump_ASR_Idle_A,Jump_ASR_Idle_F,Jump_ASR_Idle_L,Jump_ASR_Run_S,Jump_ASR_Run_A,Jump_ASR_Run_F,Jump_ASR_Run_L,Jump_ASR_Sprint_S,Jump_ASR_Sprint_A,Jump_ASR_Sprint_F,Jump_ASR_Sprint_L,FPS_reload_crouch_ASR_Tar30,FPS_aimShoot_crouch_ASR_SHRAM,FPS_Attach_Raise_ASR_SHRAM,FPS_Attach_Idle_ASR_SHRAM,none,none,none,none,none,none,none,none,none,none,none,none,none,none,none,none,none,none
ASR_TRX4_Mk6_1,none,idle_stand_ASR_HB,FPS_aimIdle_standIdle_ASR_Tar30,idle_crouch_ASR_SHRAM,FPS_aimIdle_crouch_ASR_Tar30,aimidle_prone_ASR_SHRAM,FPS_aimIdle_prone_ASR_SHRAM,idle_stand_ASR_SHRAM_Combat,none,aimidle_runBlend_ASR_SHRAM,none,aimidle_crouchBlend_ASR_SHRAM,none,aimidle_prone_ASR_SHRAM,none,reload_stand_ASR_SHRAM,FPS_reload_standIdle_ASR_Tar30,reload_runBlend_ASR_SHRAM,FPS_reload_standIdle_ASR_Tar30,reload_crouch_ASR_SHRAM,FPS_reload_crouch_ASR_Tar30,reload_prone_ASR_SHRAM,FPS_reload_prone_ASR_SHRAM,aimShoot_standIdle_ASR_SHRAM,FPS_aimShoot_standIdle_ASR_Tar30,aimShoot_runBlend_ASR_SHRAM,FPS_aimShoot_standIdle_ASR_Tar30,aimShoot_crouch_ASR_SHRAM,FPS_aimShoot_crouch_ASR_Tar30,aimShoot_prone_ASR_SHRAM,FPS_aimShoot_prone_ASR_SHRAM,Run_Blend_ASR_SHRAM,FPS_Run_Blend_ASR_Tar30,Sprint_Blend_ASR_SHRAM,FPS_Sprint_Blend_ASR_Tar30,aimIdle_crouchBlend_ASR_SHRAM,FPS_Crouch_Blend_ASR_Tar30,Prone_Blend_ASR,FPS_Prone_Blend_ASR,prone_to_stand_ASR_SHRAM,FPS_Stand_to_Prone,Stand_to_Prone_ASR_SHRAM,FPS_Stand_to_Prone,aimIdle_crouch_ASR_HB,aimidle_prone_ASR_SHRAM,prone_to_crouch_ASR_SHRAM,none,crouch_to_prone_ASR_SHRAM,none,reload_crouchBlend_ASR_SHRAM,aimshoot_crouchBlend_ASR_SHRAM,Jump_ASR_Idle_S,Jump_ASR_Idle_A,Jump_ASR_Idle_F,Jump_ASR_Idle_L,Jump_ASR_Run_S,Jump_ASR_Run_A,Jump_ASR_Run_F,Jump_ASR_Run_L,Jump_ASR_Sprint_S,Jump_ASR_Sprint_A,Jump_ASR_Sprint_F,Jump_ASR_Sprint_L,FPS_reload_crouch_ASR_Tar30,FPS_aimShoot_crouch_ASR_SHRAM,FPS_Attach_Raise_ASR_SHRAM,FPS_Attach_Idle_ASR_SHRAM,none,none,none,none,none,none,none,none,none,none,none,none,none,none,none,none,none,none
,,,,,,,,,,,,,,,,,,,,,,,,,,,,,,,,,,,,,,,,,,,,,,,,,,,,,,,,,,,,,,,,,,,,,,,,,,,,,,,,,,,,,
ASR_MXZ5_Tier2,none,idle_stand_ASR_HB,FPS_aimIdle_standIdle_ASR_MXZ5,idle_crouch_ASR_SHRAM,FPS_aimIdle_crouch_ASR_MXZ5,aimidle_prone_ASR_MXZ5,FPS_aimIdle_prone_ASR_MXZ5,idle_stand_ASR_SHRAM_Combat,none,aimidle_runBlend_ASR_SHRAM,none,aimidle_crouchBlend_ASR_SHRAM,none,aimidle_prone_ASR_MXZ5,none,reload_stand_ASR_SHRAM,FPS_reload_standIdle_ASR_MXZ5,reload_runBlend_ASR_SHRAM,FPS_reload_standIdle_ASR_MXZ5,reload_crouch_ASR_SHRAM,FPS_reload_crouch_ASR_MXZ5,reload_prone_ASR_SHRAM,FPS_reload_prone_ASR_MXZ5,aimShoot_standIdle_ASR_SHRAM,FPS_aimShoot_standIdle_ASR_MXZ5,aimShoot_runBlend_ASR_SHRAM,FPS_aimShoot_standIdle_ASR_MXZ5,aimShoot_crouch_ASR_SHRAM,FPS_aimShoot_crouch_ASR_MXZ5,aimShoot_prone_ASR_SHRAM,FPS_aimShoot_prone_ASR_MXZ5,Run_Blend_ASR_SHRAM,FPS_Run_Blend_ASR_MXZ5,Sprint_Blend_ASR_SHRAM,FPS_Sprint_Blend_ASR_MXZ5,aimIdle_crouchBlend_ASR_SHRAM,FPS_Crouch_Blend_ASR_MXZ5,Prone_Blend_ASR,FPS_Prone_Blend_ASR,prone_to_stand_ASR_MXZ5,FPS_Stand_to_Prone,Stand_to_Prone_ASR_MXZ5,FPS_Stand_to_Prone,aimIdle_crouch_ASR_HB,aimidle_prone_ASR_MXZ5,prone_to_crouch_ASR_MXZ5,none,crouch_to_prone_ASR_MXZ5,none,reload_crouchBlend_ASR_SHRAM,aimshoot_crouchBlend_ASR_SHRAM,Jump_ASR_Idle_S,Jump_ASR_Idle_A,Jump_ASR_Idle_F,Jump_ASR_Idle_L,Jump_ASR_Run_S,Jump_ASR_Run_A,Jump_ASR_Run_F,Jump_ASR_Run_L,Jump_ASR_Sprint_S,Jump_ASR_Sprint_A,Jump_ASR_Sprint_F,Jump_ASR_Sprint_L,FPS_reload_crouch_ASR_MXZ5,FPS_aimShoot_crouch_ASR_SHRAM,FPS_Attach_Raise_ASR_MXZ5,FPS_Attach_Idle_ASR_MXZ5,none,none,none,none,none,none,none,none,none,none,none,none,none,none,none,none,none,none
ASR_MXZ5_Mk6_1,none,idle_stand_ASR_HB,FPS_aimIdle_standIdle_ASR_MXZ5,idle_crouch_ASR_SHRAM,FPS_aimIdle_crouch_ASR_MXZ5,aimidle_prone_ASR_MXZ5,FPS_aimIdle_prone_ASR_MXZ5,idle_stand_ASR_SHRAM_Combat,none,aimidle_runBlend_ASR_SHRAM,none,aimidle_crouchBlend_ASR_SHRAM,none,aimidle_prone_ASR_MXZ5,none,reload_stand_ASR_SHRAM,FPS_reload_standIdle_ASR_MXZ5,reload_runBlend_ASR_SHRAM,FPS_reload_standIdle_ASR_MXZ5,reload_crouch_ASR_SHRAM,FPS_reload_crouch_ASR_MXZ5,reload_prone_ASR_SHRAM,FPS_reload_prone_ASR_MXZ5,aimShoot_standIdle_ASR_SHRAM,FPS_aimShoot_standIdle_ASR_MXZ5,aimShoot_runBlend_ASR_SHRAM,FPS_aimShoot_standIdle_ASR_MXZ5,aimShoot_crouch_ASR_SHRAM,FPS_aimShoot_crouch_ASR_MXZ5,aimShoot_prone_ASR_SHRAM,FPS_aimShoot_prone_ASR_MXZ5,Run_Blend_ASR_SHRAM,FPS_Run_Blend_ASR_MXZ5,Sprint_Blend_ASR_SHRAM,FPS_Sprint_Blend_ASR_MXZ5,aimIdle_crouchBlend_ASR_SHRAM,FPS_Crouch_Blend_ASR_MXZ5,Prone_Blend_ASR,FPS_Prone_Blend_ASR,prone_to_stand_ASR_MXZ5,FPS_Stand_to_Prone,Stand_to_Prone_ASR_MXZ5,FPS_Stand_to_Prone,aimIdle_crouch_ASR_HB,aimidle_prone_ASR_MXZ5,prone_to_crouch_ASR_MXZ5,none,crouch_to_prone_ASR_MXZ5,none,reload_crouchBlend_ASR_SHRAM,aimshoot_crouchBlend_ASR_SHRAM,Jump_ASR_Idle_S,Jump_ASR_Idle_A,Jump_ASR_Idle_F,Jump_ASR_Idle_L,Jump_ASR_Run_S,Jump_ASR_Run_A,Jump_ASR_Run_F,Jump_ASR_Run_L,Jump_ASR_Sprint_S,Jump_ASR_Sprint_A,Jump_ASR_Sprint_F,Jump_ASR_Sprint_L,FPS_reload_crouch_ASR_MXZ5,FPS_aimShoot_crouch_ASR_SHRAM,FPS_Attach_Raise_ASR_MXZ5,FPS_Attach_Idle_ASR_MXZ5,none,none,none,none,none,none,none,none,none,none,none,none,none,none,none,none,none,none
,,,,,,,,,,,,,,,,,,,,,,,,,,,,,,,,,,,,,,,,,,,,,,,,,,,,,,,,,,,,,,,,,,,,,,,,,,,,,,,,,,,,,
ASR_ACX10_Tier2,none,idle_stand_ASR_HB,FPS_aimIdle_standIdle_ASR_AR_01,idle_crouch_ASR_SHRAM,FPS_aimIdle_crouch_ASR_AR_01,aimidle_prone_ASR_MXZ5,FPS_aimIdle_prone_ASR_AR_01,idle_stand_ASR_SHRAM_Combat,none,aimidle_runBlend_ASR_SHRAM,none,aimidle_crouchBlend_ASR_SHRAM,none,aimidle_prone_ASR_MXZ5,none,reload_stand_ASR_SHRAM,FPS_reload_standIdle_ASR_AR_01,reload_runBlend_ASR_SHRAM,FPS_reload_standIdle_ASR_AR_01,reload_crouch_ASR_SHRAM,FPS_reload_crouch_ASR_AR_01,reload_prone_ASR_SHRAM,FPS_reload_prone_ASR_AR_01,aimShoot_standIdle_ASR_SHRAM,FPS_aimShoot_standIdle_ASR_AR_01,aimShoot_runBlend_ASR_SHRAM,FPS_aimShoot_standIdle_ASR_AR_01,aimShoot_crouch_ASR_SHRAM,FPS_aimShoot_crouch_ASR_AR_01,aimShoot_prone_ASR_SHRAM,FPS_aimShoot_prone_ASR_AR_01,Run_Blend_ASR_SHRAM,FPS_Run_Blend_ASR_AR_01,Sprint_Blend_ASR_SHRAM,FPS_Sprint_Blend_ASR_AR_01,aimIdle_crouchBlend_ASR_SHRAM,FPS_Crouch_Blend_ASR_AR_01,Prone_Blend_ASR,FPS_Prone_Blend_ASR,prone_to_stand_ASR_MXZ5,FPS_Stand_to_Prone,Stand_to_Prone_ASR_MXZ5,FPS_Stand_to_Prone,aimIdle_crouch_ASR_HB,aimidle_prone_ASR_MXZ5,prone_to_crouch_ASR_MXZ5,none,crouch_to_prone_ASR_MXZ5,none,reload_crouchBlend_ASR_SHRAM,aimshoot_crouchBlend_ASR_SHRAM,Jump_ASR_Idle_S,Jump_ASR_Idle_A,Jump_ASR_Idle_F,Jump_ASR_Idle_L,Jump_ASR_Run_S,Jump_ASR_Run_A,Jump_ASR_Run_F,Jump_ASR_Run_L,Jump_ASR_Sprint_S,Jump_ASR_Sprint_A,Jump_ASR_Sprint_F,Jump_ASR_Sprint_L,FPS_reload_crouch_ASR_AR_01,FPS_aimShoot_crouch_ASR_SHRAM,FPS_Attach_Raise_ASR_AR_01,FPS_Attach_Idle_ASR_AR_01,none,none,none,none,none,none,none,none,none,none,none,none,none,none,none,none,none,none
ASR_ACX10_Mk6_1,none,idle_stand_ASR_HB,FPS_aimIdle_standIdle_ASR_AR_01,idle_crouch_ASR_SHRAM,FPS_aimIdle_crouch_ASR_AR_01,aimidle_prone_ASR_MXZ5,FPS_aimIdle_prone_ASR_AR_01,idle_stand_ASR_SHRAM_Combat,none,aimidle_runBlend_ASR_SHRAM,none,aimidle_crouchBlend_ASR_SHRAM,none,aimidle_prone_ASR_MXZ5,none,reload_stand_ASR_SHRAM,FPS_reload_standIdle_ASR_AR_01,reload_runBlend_ASR_SHRAM,FPS_reload_standIdle_ASR_AR_01,reload_crouch_ASR_SHRAM,FPS_reload_crouch_ASR_AR_01,reload_prone_ASR_SHRAM,FPS_reload_prone_ASR_AR_01,aimShoot_standIdle_ASR_SHRAM,FPS_aimShoot_standIdle_ASR_AR_01,aimShoot_runBlend_ASR_SHRAM,FPS_aimShoot_standIdle_ASR_AR_01,aimShoot_crouch_ASR_SHRAM,FPS_aimShoot_crouch_ASR_AR_01,aimShoot_prone_ASR_SHRAM,FPS_aimShoot_prone_ASR_AR_01,Run_Blend_ASR_SHRAM,FPS_Run_Blend_ASR_AR_01,Sprint_Blend_ASR_SHRAM,FPS_Sprint_Blend_ASR_AR_01,aimIdle_crouchBlend_ASR_SHRAM,FPS_Crouch_Blend_ASR_AR_01,Prone_Blend_ASR,FPS_Prone_Blend_ASR,prone_to_stand_ASR_MXZ5,FPS_Stand_to_Prone,Stand_to_Prone_ASR_MXZ5,FPS_Stand_to_Prone,aimIdle_crouch_ASR_HB,aimidle_prone_ASR_MXZ5,prone_to_crouch_ASR_MXZ5,none,crouch_to_prone_ASR_MXZ5,none,reload_crouchBlend_ASR_SHRAM,aimshoot_crouchBlend_ASR_SHRAM,Jump_ASR_Idle_S,Jump_ASR_Idle_A,Jump_ASR_Idle_F,Jump_ASR_Idle_L,Jump_ASR_Run_S,Jump_ASR_Run_A,Jump_ASR_Run_F,Jump_ASR_Run_L,Jump_ASR_Sprint_S,Jump_ASR_Sprint_A,Jump_ASR_Sprint_F,Jump_ASR_Sprint_L,FPS_reload_crouch_ASR_AR_01,FPS_aimShoot_crouch_ASR_SHRAM,FPS_Attach_Raise_ASR_AR_01,FPS_Attach_Idle_ASR_AR_01,none,none,none,none,none,none,none,none,none,none,none,none,none,none,none,none,none,none
,,,,,,,,,,,,,,,,,,,,,,,,,,,,,,,,,,,,,,,,,,,,,,,,,,,,,,,,,,,,,,,,,,,,,,,,,,,,,,,,,,,,,
ASR_ASh12_Tier2,none,idle_stand_ASR_ASH12,FPS_aimIdle_standIdle_ASR_Ash12,idle_crouch_SMG_Base3,FPS_aimIdle_crouch_ASR_Ash12,aimidle_prone_ASR_MXZ5,FPS_aimIdle_prone_ASR_AR_01,idle_stand_ASR_SHRAM_Combat,none,aimidle_runBlend_ASR_SHRAM,none,aimidle_crouchBlend_ASR_SHRAM,none,aimidle_prone_ASR_MXZ5,none,reload_stand_ASR_SHRAM,FPS_reload_standIdle_ASR_Ash12,reload_runBlend_ASR_SHRAM,FPS_reload_standIdle_ASR_ASh12,reload_crouch_ASR_SHRAM,FPS_reload_standIdle_ASR_ASh12,reload_prone_ASR_SHRAM,FPS_reload_standIdle_ASR_ASh12,aimShoot_standIdle_ASR_SHRAM,FPS_aimShoot_standIdle_ASR_Ash12,aimShoot_runBlend_ASR_ASH12,FPS_aimShoot_standIdle_ASR_Ash12,aimShoot_crouch_ASR_SHRAM,FPS_aimShoot_crouch_ASR_ASh12,aimShoot_prone_ASR_SHRAM,FPS_aimShoot_prone_ASR_AR_01,Run_Blend_ASR_SHRAM,FPS_Run_Blend_ASR_Ash12,Sprint_Blend_ASR_ASH12,FPS_Sprint_Blend_ASR_AR_01,aimidle_crouchBlend_ASR_ASH12,FPS_crouch_Blend_ASR_Ash12,Prone_Blend_ASR,FPS_Prone_Blend_ASR,prone_to_stand_ASR_MXZ5,FPS_Stand_to_Prone,Stand_to_Prone_ASR_MXZ5,FPS_Stand_to_Prone,aimIdle_crouch_ASR_HB,aimidle_prone_ASR_MXZ5,prone_to_crouch_ASR_MXZ5,none,crouch_to_prone_ASR_MXZ5,none,reload_crouchBlend_ASR_SHRAM,aimshoot_crouchBlend_ASR_SHRAM,Jump_ASR_Idle_S,Jump_ASR_Idle_A,Jump_ASR_Idle_F,Jump_ASR_Idle_L,Jump_ASR_Run_S,Jump_ASR_Run_A,Jump_ASR_Run_F,Jump_ASR_Run_L,Jump_ASR_Sprint_S,Jump_ASR_Sprint_A,Jump_ASR_Sprint_F,Jump_ASR_Sprint_L,FPS_reload_crouch_ASR_ASh12,FPS_aimShoot_crouch_ASR_SHRAM,FPS_Attach_Raise_ASR_AR_01,FPS_Attach_Idle_ASR_AR_01,none,none,none,none,none,none,none,none,none,none,none,none,none,none,none,none,none,none
ASR_ASh12_Mk6_1,none,idle_stand_ASR_ASH12,FPS_aimIdle_standIdle_ASR_Ash12,idle_crouch_SMG_Base3,FPS_aimIdle_crouch_ASR_Ash12,aimidle_prone_ASR_MXZ5,FPS_aimIdle_prone_ASR_AR_01,idle_stand_ASR_SHRAM_Combat,none,aimidle_runBlend_ASR_SHRAM,none,aimidle_crouchBlend_ASR_SHRAM,none,aimidle_prone_ASR_MXZ5,none,reload_stand_ASR_SHRAM,FPS_reload_standIdle_ASR_Ash12,reload_runBlend_ASR_SHRAM,FPS_reload_standIdle_ASR_ASh12,reload_crouch_ASR_SHRAM,FPS_reload_standIdle_ASR_ASh12,reload_prone_ASR_SHRAM,FPS_reload_standIdle_ASR_ASh12,aimShoot_standIdle_ASR_SHRAM,FPS_aimShoot_standIdle_ASR_Ash12,aimShoot_runBlend_ASR_ASH12,FPS_aimShoot_standIdle_ASR_Ash12,aimShoot_crouch_ASR_SHRAM,FPS_aimShoot_crouch_ASR_ASh12,aimShoot_prone_ASR_SHRAM,FPS_aimShoot_prone_ASR_AR_01,Run_Blend_ASR_SHRAM,FPS_Run_Blend_ASR_Ash12,Sprint_Blend_ASR_ASH12,FPS_Sprint_Blend_ASR_AR_01,aimidle_crouchBlend_ASR_ASH12,FPS_crouch_Blend_ASR_Ash12,Prone_Blend_ASR,FPS_Prone_Blend_ASR,prone_to_stand_ASR_MXZ5,FPS_Stand_to_Prone,Stand_to_Prone_ASR_MXZ5,FPS_Stand_to_Prone,aimIdle_crouch_ASR_HB,aimidle_prone_ASR_MXZ5,prone_to_crouch_ASR_MXZ5,none,crouch_to_prone_ASR_MXZ5,none,reload_crouchBlend_ASR_SHRAM,aimshoot_crouchBlend_ASR_SHRAM,Jump_ASR_Idle_S,Jump_ASR_Idle_A,Jump_ASR_Idle_F,Jump_ASR_Idle_L,Jump_ASR_Run_S,Jump_ASR_Run_A,Jump_ASR_Run_F,Jump_ASR_Run_L,Jump_ASR_Sprint_S,Jump_ASR_Sprint_A,Jump_ASR_Sprint_F,Jump_ASR_Sprint_L,FPS_reload_crouch_ASR_ASh12,FPS_aimShoot_crouch_ASR_SHRAM,FPS_Attach_Raise_ASR_AR_01,FPS_Attach_Idle_ASR_AR_01,none,none,none,none,none,none,none,none,none,none,none,none,none,none,none,none,none,none
,,,,,,,,,,,,,,,,,,,,,,,,,,,,,,,,,,,,,,,,,,,,,,,,,,,,,,,,,,,,,,,,,,,,,,,,,,,,,,,,,,,,,
,,,,,,,,,,,,,,,,,,,,,,,,,,,,,,,,,,,,,,,,,,,,,,,,,,,,,,,,,,,,,,,,,,,,,,,,,,,,,,,,,,,,,
SHG_SP12_Tier1,none,idle_stand_SHG_Base,FPS_aimIdle_standIdle_SHG_SP12,idle_crouch_SHG_Base,FPS_aimIdle_crouch_SHG_SP12,aimidle_prone_SHG_SP12,FPS_aimIdle_prone_SHG_SP12,idle_stand_ASR_SHRAM_Combat,none,aimidle_runBlend_SHG_SP12,none,aimidle_crouchBlend_SHG_Base,none,aimidle_prone_SHG_SP12,none,reload_stand_SHG_SP12,FPS_reload_standIdle_SHG_SP12,reload_runBlend_SHG_SP12,FPS_reload_standIdle_SHG_SP12,reload_crouch_SHG_SP12,FPS_reload_crouch_SHG_SP12,reload_prone_SHG_SP12,FPS_reload_prone_SHG_SP12,aimShoot_standIdle_ASR_SHRAM,FPS_aimShoot_standIdle_SHG_SP12,aimShoot_runBlend_ASR_SHRAM,FPS_aimShoot_standIdle_SHG_SP12,aimShoot_crouch_ASR_SHRAM,FPS_aimShoot_crouch_SHG_SP12,aimShoot_prone_SHG_SP12,FPS_aimShoot_prone_SHG_SP12,Run_Blend_SHG_Base,FPS_Run_Blend_SHG_SP12,Sprint_Blend_ASR_SHRAM,FPS_Sprint_Blend_SHG_SP12,aimidle_crouchBlend_SHG_Base,FPS_Crouch_Blend_SHG_SP12,Prone_Blend_ASR,FPS_Prone_Blend_ASR,prone_to_stand_SHG_SP12,FPS_Stand_to_Prone,Stand_to_Prone_SHG_SP12,FPS_Stand_to_Prone,aimIdle_crouch_SHG_SP12,aimidle_prone_SHG_SP12,prone_to_crouch_SHG_SP12,none,crouch_to_prone_SHG_SP12,none,reload_crouchBlend_SHG_SP12,aimshoot_crouchBlend_SHG_SP12,Jump_ASR_Idle_S,Jump_ASR_Idle_A,Jump_ASR_Idle_F,Jump_ASR_Idle_L,Jump_ASR_Run_S,Jump_ASR_Run_A,Jump_ASR_Run_F,Jump_ASR_Run_L,Jump_ASR_Sprint_S,Jump_ASR_Sprint_A,Jump_ASR_Sprint_F,Jump_ASR_Sprint_L,FPS_reload_crouch_SHG_SP12,FPS_aimShoot_crouch_ASR_SHRAM,FPS_Attach_Raise_SHG_SP12,FPS_Attach_Idle_SHG_SP12,none,none,none,none,none,none,none,none,none,none,none,none,none,none,none,none,none,none
SHG_SP12_Mk6_1,none,idle_stand_SHG_Base,FPS_aimIdle_standIdle_SHG_SP12,idle_crouch_SHG_Base,FPS_aimIdle_crouch_SHG_SP12,aimidle_prone_SHG_SP12,FPS_aimIdle_prone_SHG_SP12,idle_stand_ASR_SHRAM_Combat,none,aimidle_runBlend_SHG_SP12,none,aimidle_crouchBlend_SHG_Base,none,aimidle_prone_SHG_SP12,none,reload_stand_SHG_SP12,FPS_reload_standIdle_SHG_SP12,reload_runBlend_SHG_SP12,FPS_reload_standIdle_SHG_SP12,reload_crouch_SHG_SP12,FPS_reload_crouch_SHG_SP12,reload_prone_SHG_SP12,FPS_reload_prone_SHG_SP12,aimShoot_standIdle_ASR_SHRAM,FPS_aimShoot_standIdle_SHG_SP12,aimShoot_runBlend_ASR_SHRAM,FPS_aimShoot_standIdle_SHG_SP12,aimShoot_crouch_ASR_SHRAM,FPS_aimShoot_crouch_SHG_SP12,aimShoot_prone_SHG_SP12,FPS_aimShoot_prone_SHG_SP12,Run_Blend_SHG_Base,FPS_Run_Blend_SHG_SP12,Sprint_Blend_ASR_SHRAM,FPS_Sprint_Blend_SHG_SP12,aimidle_crouchBlend_SHG_Base,FPS_Crouch_Blend_SHG_SP12,Prone_Blend_ASR,FPS_Prone_Blend_ASR,prone_to_stand_SHG_SP12,FPS_Stand_to_Prone,Stand_to_Prone_SHG_SP12,FPS_Stand_to_Prone,aimIdle_crouch_SHG_SP12,aimidle_prone_SHG_SP12,prone_to_crouch_SHG_SP12,none,crouch_to_prone_SHG_SP12,none,reload_crouchBlend_SHG_SP12,aimshoot_crouchBlend_SHG_SP12,Jump_ASR_Idle_S,Jump_ASR_Idle_A,Jump_ASR_Idle_F,Jump_ASR_Idle_L,Jump_ASR_Run_S,Jump_ASR_Run_A,Jump_ASR_Run_F,Jump_ASR_Run_L,Jump_ASR_Sprint_S,Jump_ASR_Sprint_A,Jump_ASR_Sprint_F,Jump_ASR_Sprint_L,FPS_reload_crouch_SHG_SP12,FPS_aimShoot_crouch_ASR_SHRAM,FPS_Attach_Raise_SHG_SP12,FPS_Attach_Idle_SHG_SP12,none,none,none,none,none,none,none,none,none,none,none,none,none,none,none,none,none,none
SHG_M1216_Tier2,none,idle_stand_SHG_Base,FPS_aimIdle_standIdle_SHG_SP12,idle_crouch_SHG_Base,FPS_aimIdle_crouch_SHG_SP12,aimidle_prone_SHG_SP12,FPS_aimIdle_prone_SHG_SP12,idle_stand_ASR_SHRAM_Combat,none,aimidle_runBlend_SHG_SP12,none,aimidle_crouchBlend_SHG_Base,none,aimidle_prone_SHG_SP12,none,reload_stand_SHG_SP12,FPS_reload_standIdle_SHG_M1216,reload_runBlend_SHG_SP12,FPS_reload_standIdle_SHG_M1216,reload_crouch_SHG_SP12,FPS_reload_crouch_SHG_M1216,reload_prone_SHG_SP12,FPS_reload_prone_SHG_SP12,aimShoot_standIdle_ASR_SHRAM,FPS_aimShoot_standIdle_SHG_Saiga,aimShoot_runBlend_ASR_SHRAM,FPS_aimShoot_standIdle_SHG_M1216,aimShoot_crouch_ASR_SHRAM,FPS_aimShoot_crouch_SHG_M1216,aimShoot_prone_SHG_SP12,FPS_aimShoot_prone_SHG_SP12,Run_Blend_SHG_Base,FPS_Run_Blend_SHG_SP12,Sprint_Blend_ASR_SHRAM,FPS_Sprint_Blend_SHG_SP12,aimidle_crouchBlend_SHG_Base,FPS_Crouch_Blend_SHG_SP12,Prone_Blend_ASR,FPS_Prone_Blend_ASR,prone_to_stand_SHG_SP12,FPS_Stand_to_Prone,Stand_to_Prone_SHG_SP12,FPS_Stand_to_Prone,aimIdle_crouch_SHG_SP12,aimidle_prone_SHG_SP12,prone_to_crouch_SHG_SP12,none,crouch_to_prone_SHG_SP12,none,reload_crouchBlend_SHG_SP12,aimshoot_crouchBlend_SHG_SP12,Jump_ASR_Idle_S,Jump_ASR_Idle_A,Jump_ASR_Idle_F,Jump_ASR_Idle_L,Jump_ASR_Run_S,Jump_ASR_Run_A,Jump_ASR_Run_F,Jump_ASR_Run_L,Jump_ASR_Sprint_S,Jump_ASR_Sprint_A,Jump_ASR_Sprint_F,Jump_ASR_Sprint_L,FPS_reload_crouch_SHG_M1216,FPS_aimShoot_crouch_ASR_SHRAM,FPS_Attach_Raise_SHG_SP12,FPS_Attach_Idle_SHG_SP12,none,none,none,none,none,none,none,none,none,none,none,none,none,none,none,none,none,none
SHG_M1216_Mk6_1,none,idle_stand_SHG_Base,FPS_aimIdle_standIdle_SHG_SP12,idle_crouch_SHG_Base,FPS_aimIdle_crouch_SHG_SP12,aimidle_prone_SHG_SP12,FPS_aimIdle_prone_SHG_SP12,idle_stand_ASR_SHRAM_Combat,none,aimidle_runBlend_SHG_SP12,none,aimidle_crouchBlend_SHG_Base,none,aimidle_prone_SHG_SP12,none,reload_stand_SHG_SP12,FPS_reload_standIdle_SHG_M1216,reload_runBlend_SHG_SP12,FPS_reload_standIdle_SHG_M1216,reload_crouch_SHG_SP12,FPS_reload_crouch_SHG_M1216,reload_prone_SHG_SP12,FPS_reload_prone_SHG_SP12,aimShoot_standIdle_ASR_SHRAM,FPS_aimShoot_standIdle_SHG_Saiga,aimShoot_runBlend_ASR_SHRAM,FPS_aimShoot_standIdle_SHG_M1216,aimShoot_crouch_ASR_SHRAM,FPS_aimShoot_crouch_SHG_M1216,aimShoot_prone_SHG_SP12,FPS_aimShoot_prone_SHG_SP12,Run_Blend_SHG_Base,FPS_Run_Blend_SHG_SP12,Sprint_Blend_ASR_SHRAM,FPS_Sprint_Blend_SHG_SP12,aimidle_crouchBlend_SHG_Base,FPS_Crouch_Blend_SHG_SP12,Prone_Blend_ASR,FPS_Prone_Blend_ASR,prone_to_stand_SHG_SP12,FPS_Stand_to_Prone,Stand_to_Prone_SHG_SP12,FPS_Stand_to_Prone,aimIdle_crouch_SHG_SP12,aimidle_prone_SHG_SP12,prone_to_crouch_SHG_SP12,none,crouch_to_prone_SHG_SP12,none,reload_crouchBlend_SHG_SP12,aimshoot_crouchBlend_SHG_SP12,Jump_ASR_Idle_S,Jump_ASR_Idle_A,Jump_ASR_Idle_F,Jump_ASR_Idle_L,Jump_ASR_Run_S,Jump_ASR_Run_A,Jump_ASR_Run_F,Jump_ASR_Run_L,Jump_ASR_Sprint_S,Jump_ASR_Sprint_A,Jump_ASR_Sprint_F,Jump_ASR_Sprint_L,FPS_reload_crouch_SHG_M1216,FPS_aimShoot_crouch_ASR_SHRAM,FPS_Attach_Raise_SHG_SP12,FPS_Attach_Idle_SHG_SP12,none,none,none,none,none,none,none,none,none,none,none,none,none,none,none,none,none,none
SHG_Saiga_Tier1,none,idle_stand_SHG_Base,FPS_aimIdle_standIdle_SHG_Saiga,idle_crouch_SHG_Base,FPS_aimIdle_crouch_SHG_SP12,aimidle_prone_SHG_Saiga,FPS_aimIdle_prone_SHG_SP12,idle_stand_ASR_SHRAM_Combat,none,aimidle_runBlend_SHG_Saiga,none,aimidle_crouchBlend_SHG_Base,none,aimidle_prone_SHG_Saiga,none,reload_stand_SHG_Saiga,FPS_reload_standIdle_SHG_Saiga,reload_runBlend_SHG_Saiga,FPS_reload_standIdle_SHG_Saiga,reload_crouch_SHG_Saiga,FPS_reload_crouch_SHG_Saiga,reload_prone_SHG_Saiga,FPS_reload_prone_SHG_Saiga,aimShoot_standIdle_ASR_SHRAM,FPS_aimShoot_standIdle_SHG_Saiga,aimShoot_runBlend_ASR_SHRAM,FPS_aimShoot_standIdle_SHG_Saiga,aimShoot_crouch_ASR_SHRAM,FPS_aimShoot_crouch_SHG_Saiga,aimShoot_prone_SHG_Saiga,FPS_aimShoot_crouch_SHG_Saiga,Run_Blend_SHG_Base,FPS_Run_Blend_SHG_Saiga,Sprint_Blend_ASR_SHRAM,FPS_Sprint_Blend_SHG_Saiga,aimidle_crouchBlend_SHG_Base,FPS_Crouch_Blend_SHG_SP12,Prone_Blend_ASR,FPS_Prone_Blend_ASR,prone_to_stand_SHG_Saiga,FPS_Stand_to_Prone,Stand_to_Prone_SHG_Saiga,FPS_Stand_to_Prone,aimIdle_crouch_SHG_Saiga,aimidle_prone_SHG_Saiga,prone_to_crouch_SHG_Saiga,none,crouch_to_prone_SHG_Saiga,none,reload_crouchBlend_SHG_Saiga,aimshoot_crouchBlend_SHG_SP12,Jump_ASR_Idle_S,Jump_ASR_Idle_A,Jump_ASR_Idle_F,Jump_ASR_Idle_L,Jump_ASR_Run_S,Jump_ASR_Run_A,Jump_ASR_Run_F,Jump_ASR_Run_L,Jump_ASR_Sprint_S,Jump_ASR_Sprint_A,Jump_ASR_Sprint_F,Jump_ASR_Sprint_L,FPS_reload_crouch_SHG_Saiga,FPS_aimShoot_crouch_ASR_SHRAM,FPS_Attach_Raise_SHG_Saiga,FPS_Attach_Idle_SHG_Saiga,none,none,none,none,none,none,none,none,none,none,none,none,none,none,none,none,none,none
,,,,,,,,,,,,,,,,,,,,,,,,,,,,,,,,,,,,,,,,,,,,,,,,,,,,,,,,,,,,,,,,,,,,,,,,,,,,,,,,,,,,,
,,,,,,,,,,,,,,,,,,,,,,,,,,,,,,,,,,,,,,,,,,,,,,,,,,,,,,,,,,,,,,,,,,,,,,,,,,,,,,,,,,,,,
SNP_AAR_Tier2,none,idle_stand_SNP_ARS,FPS_aimIdle_standIdle_SNP_Archangel,idle_crouch_ASR_SHRAM,FPS_aimIdle_crouch_SNP_Archangel,aimidle_prone_SNP_ARS,FPS_aimIdle_prone_SNP_Archangel,idle_stand_ASR_SHRAM_Combat,none,aimidle_runBlend_SNP_ARS,none,aimidle_crouchBlend_ASR_SHRAM,none,aimidle_prone_SNP_ARS,none,reload_stand_SNP_ARS,FPS_reload_standIdle_SNP_Archangel,reload_runBlend_SNP_ARS,FPS_reload_standIdle_SNP_Archangel,reload_crouch_SNP_ARS,FPS_reload_crouch_SNP_Archangel,reload_prone_SNP_ARS,FPS_reload_prone_SNP_Archangel,aimShoot_standIdle_ASR_SHRAM,FPS_aimShoot_standIdle_SNP_Archangel,aimShoot_runBlend_ASR_SHRAM,FPS_aimShoot_StandIdle_SNP_Archangel,aimShoot_crouch_ASR_SHRAM,FPS_aimShoot_crouch_SNP_Archangel,aimShoot_prone_SNP_ARS,FPS_aimShoot_prone_SNP_Archangel,Run_Blend_ASR_SHRAM,FPS_Run_Blend_SNP_Archangel,Sprint_Blend_ASR_SHRAM,FPS_Sprint_Blend_SNP_Archangel,aimIdle_crouchBlend_ASR_SHRAM,FPS_Crouch_Blend_SNP_Archangel,Prone_Blend_ASR,FPS_Prone_Blend_ASR,prone_to_stand_SNP_ARS,FPS_Stand_to_Prone,Stand_to_Prone_SNP_ARS,FPS_Stand_to_Prone,aimIdle_crouch_SNP_ARS,aimidle_prone_SNP_ARS,prone_to_crouch_SNP_ARS,none,crouch_to_prone_SNP_ARS,none,reload_crouchBlend_SNP_ARS,aimshoot_crouchBlend_ASR_SHRAM,Jump_ASR_Idle_S,Jump_ASR_Idle_A,Jump_ASR_Idle_F,Jump_ASR_Idle_L,Jump_ASR_Run_S,Jump_ASR_Run_A,Jump_ASR_Run_F,Jump_ASR_Run_L,Jump_ASR_Sprint_S,Jump_ASR_Sprint_A,Jump_ASR_Sprint_F,Jump_ASR_Sprint_L,FPS_reload_crouch_SNP_Archangel,FPS_aimShoot_crouch_SNP_Archangel,FPS_Attach_Raise_SNP_Archangel,FPS_Attach_Idle_SNP_Archangel,none,none,none,none,none,none,none,none,none,none,none,none,none,none,none,none,none,none
SNP_AAR_MK6_1,none,idle_stand_SNP_ARS,FPS_aimIdle_standIdle_SNP_Archangel,idle_crouch_ASR_SHRAM,FPS_aimIdle_crouch_SNP_Archangel,aimidle_prone_SNP_ARS,FPS_aimIdle_prone_SNP_Archangel,idle_stand_ASR_SHRAM_Combat,none,aimidle_runBlend_SNP_ARS,none,aimidle_crouchBlend_ASR_SHRAM,none,aimidle_prone_SNP_ARS,none,reload_stand_SNP_ARS,FPS_reload_standIdle_SNP_Archangel,reload_runBlend_SNP_ARS,FPS_reload_standIdle_SNP_Archangel,reload_crouch_SNP_ARS,FPS_reload_crouch_SNP_Archangel,reload_prone_SNP_ARS,FPS_reload_prone_SNP_Archangel,aimShoot_standIdle_ASR_SHRAM,FPS_aimShoot_standIdle_SNP_Archangel,aimShoot_runBlend_ASR_SHRAM,FPS_aimShoot_StandIdle_SNP_Archangel,aimShoot_crouch_ASR_SHRAM,FPS_aimShoot_crouch_SNP_Archangel,aimShoot_prone_SNP_ARS,FPS_aimShoot_prone_SNP_Archangel,Run_Blend_ASR_SHRAM,FPS_Run_Blend_SNP_Archangel,Sprint_Blend_ASR_SHRAM,FPS_Sprint_Blend_SNP_Archangel,aimIdle_crouchBlend_ASR_SHRAM,FPS_Crouch_Blend_SNP_Archangel,Prone_Blend_ASR,FPS_Prone_Blend_ASR,prone_to_stand_SNP_ARS,FPS_Stand_to_Prone,Stand_to_Prone_SNP_ARS,FPS_Stand_to_Prone,aimIdle_crouch_SNP_ARS,aimidle_prone_SNP_ARS,prone_to_crouch_SNP_ARS,none,crouch_to_prone_SNP_ARS,none,reload_crouchBlend_SNP_ARS,aimshoot_crouchBlend_ASR_SHRAM,Jump_ASR_Idle_S,Jump_ASR_Idle_A,Jump_ASR_Idle_F,Jump_ASR_Idle_L,Jump_ASR_Run_S,Jump_ASR_Run_A,Jump_ASR_Run_F,Jump_ASR_Run_L,Jump_ASR_Sprint_S,Jump_ASR_Sprint_A,Jump_ASR_Sprint_F,Jump_ASR_Sprint_L,FPS_reload_crouch_SNP_Archangel,FPS_aimShoot_crouch_SNP_Archangel,FPS_Attach_Raise_SNP_Archangel,FPS_Attach_Idle_SNP_Archangel,none,none,none,none,none,none,none,none,none,none,none,none,none,none,none,none,none,none
SNP_ARS_Tier2,none,idle_stand_SNP_ARS,FPS_aimIdle_standIdle_SNP_ARS,idle_crouch_ASR_SHRAM,FPS_aimIdle_crouch_SNP_ARS,aimidle_prone_SNP_ARS,FPS_aimIdle_prone_SNP_ARS,idle_stand_ASR_SHRAM_Combat,none,aimidle_runBlend_SNP_ARS,none,aimidle_crouchBlend_ASR_SHRAM,none,aimidle_prone_SNP_ARS,none,reload_stand_SNP_ARS,FPS_reload_standIdle_SNP_ARS,reload_runBlend_SNP_ARS,FPS_reload_standIdle_SNP_ARS,reload_crouch_SNP_ARS,FPS_reload_crouch_SNP_ARS,reload_prone_SNP_ARS,FPS_reload_prone_SNP_ARS,aimShoot_standIdle_ASR_SHRAM,FPS_aimShoot_standIdle_SNP_ARS,aimShoot_runBlend_ASR_SHRAM,FPS_aimShoot_StandIdle_SNP_ARS,aimShoot_crouch_ASR_SHRAM,FPS_aimShoot_crouch_SNP_ARS,aimShoot_prone_SNP_ARS,FPS_aimShoot_prone_SNP_ARS,Run_Blend_ASR_SHRAM,FPS_Run_Blend_SNP_ARS,Sprint_Blend_ASR_SHRAM,FPS_Sprint_Blend_SNP_ARS,aimIdle_crouchBlend_ASR_SHRAM,FPS_Crouch_Blend_SNP_ARS,Prone_Blend_ASR,FPS_Prone_Blend_ASR,prone_to_stand_SNP_ARS,FPS_Stand_to_Prone,Stand_to_Prone_SNP_ARS,FPS_Stand_to_Prone,aimIdle_crouch_SNP_ARS,aimidle_prone_SNP_ARS,prone_to_crouch_SNP_ARS,none,crouch_to_prone_SNP_ARS,none,reload_crouchBlend_SNP_ARS,aimshoot_crouchBlend_ASR_SHRAM,Jump_ASR_Idle_S,Jump_ASR_Idle_A,Jump_ASR_Idle_F,Jump_ASR_Idle_L,Jump_ASR_Run_S,Jump_ASR_Run_A,Jump_ASR_Run_F,Jump_ASR_Run_L,Jump_ASR_Sprint_S,Jump_ASR_Sprint_A,Jump_ASR_Sprint_F,Jump_ASR_Sprint_L,FPS_reload_crouch_SNP_ARS,FPS_aimShoot_crouch_SNP_ARS,FPS_Attach_Raise_SNP_ARS,FPS_Attach_Idle_SNP_ARS,none,none,none,none,none,none,none,none,none,none,none,none,none,none,none,none,none,none
SNP_ARS_Mk6_1,none,idle_stand_SNP_ARS,FPS_aimIdle_standIdle_SNP_ARS,idle_crouch_ASR_SHRAM,FPS_aimIdle_crouch_SNP_ARS,aimidle_prone_SNP_ARS,FPS_aimIdle_prone_SNP_ARS,idle_stand_ASR_SHRAM_Combat,none,aimidle_runBlend_SNP_ARS,none,aimidle_crouchBlend_ASR_SHRAM,none,aimidle_prone_SNP_ARS,none,reload_stand_SNP_ARS,FPS_reload_standIdle_SNP_ARS,reload_runBlend_SNP_ARS,FPS_reload_standIdle_SNP_ARS,reload_crouch_SNP_ARS,FPS_reload_crouch_SNP_ARS,reload_prone_SNP_ARS,FPS_reload_prone_SNP_ARS,aimShoot_standIdle_ASR_SHRAM,FPS_aimShoot_standIdle_SNP_ARS,aimShoot_runBlend_ASR_SHRAM,FPS_aimShoot_StandIdle_SNP_ARS,aimShoot_crouch_ASR_SHRAM,FPS_aimShoot_crouch_SNP_ARS,aimShoot_prone_SNP_ARS,FPS_aimShoot_prone_SNP_ARS,Run_Blend_ASR_SHRAM,FPS_Run_Blend_SNP_ARS,Sprint_Blend_ASR_SHRAM,FPS_Sprint_Blend_SNP_ARS,aimIdle_crouchBlend_ASR_SHRAM,FPS_Crouch_Blend_SNP_ARS,Prone_Blend_ASR,FPS_Prone_Blend_ASR,prone_to_stand_SNP_ARS,FPS_Stand_to_Prone,Stand_to_Prone_SNP_ARS,FPS_Stand_to_Prone,aimIdle_crouch_SNP_ARS,aimidle_prone_SNP_ARS,prone_to_crouch_SNP_ARS,none,crouch_to_prone_SNP_ARS,none,reload_crouchBlend_SNP_ARS,aimshoot_crouchBlend_ASR_SHRAM,Jump_ASR_Idle_S,Jump_ASR_Idle_A,Jump_ASR_Idle_F,Jump_ASR_Idle_L,Jump_ASR_Run_S,Jump_ASR_Run_A,Jump_ASR_Run_F,Jump_ASR_Run_L,Jump_ASR_Sprint_S,Jump_ASR_Sprint_A,Jump_ASR_Sprint_F,Jump_ASR_Sprint_L,FPS_reload_crouch_SNP_ARS,FPS_aimShoot_crouch_SNP_ARS,FPS_Attach_Raise_SNP_ARS,FPS_Attach_Idle_SNP_ARS,none,none,none,none,none,none,none,none,none,none,none,none,none,none,none,none,none,none
SNP_LM7_Tier2,none,idle_stand_SNP_ARS,FPS_aimIdle_standIdle_SNP_LM7,idle_crouch_ASR_SHRAM,FPS_aimIdle_crouch_SNP_LM7,aimidle_prone_SNP_ARS,FPS_aimIdle_prone_SNP_LM7,idle_stand_ASR_SHRAM_Combat,none,aimidle_runBlend_SNP_ARS,none,aimidle_crouchBlend_ASR_SHRAM,none,aimidle_prone_SNP_ARS,none,reload_stand_SNP_ARS,FPS_reload_standIdle_SNP_LM7,reload_runBlend_SNP_ARS,FPS_reload_standIdle_SNP_LM7,reload_crouch_SNP_ARS,FPS_reload_crouch_SNP_LM7,reload_prone_SNP_ARS,FPS_reload_prone_SNP_LM7,aimShoot_standIdle_ASR_SHRAM,FPS_aimShoot_standIdle_SNP_LM7,aimShoot_runBlend_ASR_SHRAM,FPS_aimShoot_StandIdle_SNP_LM7,aimShoot_crouch_ASR_SHRAM,FPS_aimShoot_crouch_SNP_LM7,aimShoot_prone_SNP_ARS,FPS_aimShoot_prone_SNP_LM7,Run_Blend_ASR_SHRAM,FPS_Run_Blend_SNP_LM7,Sprint_Blend_ASR_SHRAM,FPS_Sprint_Blend_SNP_LM7,aimIdle_crouchBlend_ASR_SHRAM,FPS_Crouch_Blend_SNP_LM7,Prone_Blend_ASR,FPS_Prone_Blend_ASR,prone_to_stand_SNP_ARS,FPS_Stand_to_Prone,Stand_to_Prone_SNP_ARS,FPS_Stand_to_Prone,aimIdle_crouch_SNP_ARS,aimidle_prone_SNP_ARS,prone_to_crouch_SNP_ARS,none,crouch_to_prone_SNP_ARS,none,reload_crouchBlend_SNP_ARS,aimshoot_crouchBlend_ASR_SHRAM,Jump_ASR_Idle_S,Jump_ASR_Idle_A,Jump_ASR_Idle_F,Jump_ASR_Idle_L,Jump_ASR_Run_S,Jump_ASR_Run_A,Jump_ASR_Run_F,Jump_ASR_Run_L,Jump_ASR_Sprint_S,Jump_ASR_Sprint_A,Jump_ASR_Sprint_F,Jump_ASR_Sprint_L,FPS_reload_crouch_SNP_LM7,FPS_aimShoot_crouch_SNP_LM7,FPS_Attach_Raise_SNP_LM7,FPS_Attach_Idle_SNP_LM7,none,none,none,none,none,none,none,none,none,none,none,none,none,none,none,none,none,none
SNP_LM7_Mk6_1,none,idle_stand_SNP_ARS,FPS_aimIdle_standIdle_SNP_LM7,idle_crouch_ASR_SHRAM,FPS_aimIdle_crouch_SNP_LM7,aimidle_prone_SNP_ARS,FPS_aimIdle_prone_SNP_LM7,idle_stand_ASR_SHRAM_Combat,none,aimidle_runBlend_SNP_ARS,none,aimidle_crouchBlend_ASR_SHRAM,none,aimidle_prone_SNP_ARS,none,reload_stand_SNP_ARS,FPS_reload_standIdle_SNP_LM7,reload_runBlend_SNP_ARS,FPS_reload_standIdle_SNP_LM7,reload_crouch_SNP_ARS,FPS_reload_crouch_SNP_LM7,reload_prone_SNP_ARS,FPS_reload_prone_SNP_LM7,aimShoot_standIdle_ASR_SHRAM,FPS_aimShoot_standIdle_SNP_LM7,aimShoot_runBlend_ASR_SHRAM,FPS_aimShoot_StandIdle_SNP_LM7,aimShoot_crouch_ASR_SHRAM,FPS_aimShoot_crouch_SNP_LM7,aimShoot_prone_SNP_ARS,FPS_aimShoot_prone_SNP_LM7,Run_Blend_ASR_SHRAM,FPS_Run_Blend_SNP_LM7,Sprint_Blend_ASR_SHRAM,FPS_Sprint_Blend_SNP_LM7,aimIdle_crouchBlend_ASR_SHRAM,FPS_Crouch_Blend_SNP_LM7,Prone_Blend_ASR,FPS_Prone_Blend_ASR,prone_to_stand_SNP_ARS,FPS_Stand_to_Prone,Stand_to_Prone_SNP_ARS,FPS_Stand_to_Prone,aimIdle_crouch_SNP_ARS,aimidle_prone_SNP_ARS,prone_to_crouch_SNP_ARS,none,crouch_to_prone_SNP_ARS,none,reload_crouchBlend_SNP_ARS,aimshoot_crouchBlend_ASR_SHRAM,Jump_ASR_Idle_S,Jump_ASR_Idle_A,Jump_ASR_Idle_F,Jump_ASR_Idle_L,Jump_ASR_Run_S,Jump_ASR_Run_A,Jump_ASR_Run_F,Jump_ASR_Run_L,Jump_ASR_Sprint_S,Jump_ASR_Sprint_A,Jump_ASR_Sprint_F,Jump_ASR_Sprint_L,FPS_reload_crouch_SNP_LM7,FPS_aimShoot_crouch_SNP_LM7,FPS_Attach_Raise_SNP_LM7,FPS_Attach_Idle_SNP_LM7,none,none,none,none,none,none,none,none,none,none,none,none,none,none,none,none,none,none
SNP_FWS15_Tier2,none,idle_stand_SNP_ARS,FPS_aimIdle_standIdle_SNP_Archangel,idle_crouch_ASR_SHRAM,FPS_aimIdle_crouch_SNP_Archangel,aimidle_prone_SNP_ARS,FPS_aimIdle_prone_SNP_Archangel,idle_stand_ASR_SHRAM_Combat,none,aimidle_runBlend_SNP_ARS,none,aimidle_crouchBlend_ASR_SHRAM,none,aimidle_prone_SNP_ARS,none,reload_stand_SNP_ARS,FPS_reload_standIdle_SNP_Bullistic,reload_runBlend_SNP_ARS,FPS_reload_standIdle_SNP_Bullistic,reload_crouch_SNP_ARS,FPS_reload_crouch_SNP_Bullistic,reload_prone_SNP_ARS,FPS_reload_prone_SNP_Archangel,aimShoot_standIdle_ASR_SHRAM,FPS_aimShoot_standIdle_SNP_Bullistic,aimShoot_runBlend_ASR_SHRAM,FPS_aimShoot_StandIdle_SNP_Bullistic,aimShoot_crouch_ASR_SHRAM,FPS_aimShoot_crouch_SNP_Archangel,aimShoot_prone_SNP_ARS,FPS_aimShoot_prone_SNP_Archangel,Run_Blend_ASR_SHRAM,FPS_Run_Blend_SNP_Archangel,Sprint_Blend_ASR_SHRAM,FPS_Sprint_Blend_SNP_Archangel,aimIdle_crouchBlend_ASR_SHRAM,FPS_Crouch_Blend_SNP_Archangel,Prone_Blend_ASR,FPS_Prone_Blend_ASR,prone_to_stand_SNP_ARS,FPS_Stand_to_Prone,Stand_to_Prone_SNP_ARS,FPS_Stand_to_Prone,aimIdle_crouch_SNP_ARS,aimidle_prone_SNP_ARS,prone_to_crouch_SNP_ARS,none,crouch_to_prone_SNP_ARS,none,reload_crouchBlend_SNP_ARS,aimshoot_crouchBlend_ASR_SHRAM,Jump_ASR_Idle_S,Jump_ASR_Idle_A,Jump_ASR_Idle_F,Jump_ASR_Idle_L,Jump_ASR_Run_S,Jump_ASR_Run_A,Jump_ASR_Run_F,Jump_ASR_Run_L,Jump_ASR_Sprint_S,Jump_ASR_Sprint_A,Jump_ASR_Sprint_F,Jump_ASR_Sprint_L,FPS_reload_crouch_SNP_Bullistic,FPS_aimShoot_crouch_SNP_Archangel,FPS_Attach_Raise_SNP_Archangel,FPS_Attach_Idle_SNP_Archangel,none,none,none,none,none,none,none,none,none,none,none,none,none,none,none,none,none,none
SNP_FWS15_Mk6_1,none,idle_stand_SNP_ARS,FPS_aimIdle_standIdle_SNP_Archangel,idle_crouch_ASR_SHRAM,FPS_aimIdle_crouch_SNP_Archangel,aimidle_prone_SNP_ARS,FPS_aimIdle_prone_SNP_Archangel,idle_stand_ASR_SHRAM_Combat,none,aimidle_runBlend_SNP_ARS,none,aimidle_crouchBlend_ASR_SHRAM,none,aimidle_prone_SNP_ARS,none,reload_stand_SNP_ARS,FPS_reload_standIdle_SNP_Bullistic,reload_runBlend_SNP_ARS,FPS_reload_standIdle_SNP_Bullistic,reload_crouch_SNP_ARS,FPS_reload_crouch_SNP_Bullistic,reload_prone_SNP_ARS,FPS_reload_prone_SNP_Archangel,aimShoot_standIdle_ASR_SHRAM,FPS_aimShoot_standIdle_SNP_Bullistic,aimShoot_runBlend_ASR_SHRAM,FPS_aimShoot_StandIdle_SNP_Bullistic,aimShoot_crouch_ASR_SHRAM,FPS_aimShoot_crouch_SNP_Archangel,aimShoot_prone_SNP_ARS,FPS_aimShoot_prone_SNP_Archangel,Run_Blend_ASR_SHRAM,FPS_Run_Blend_SNP_Archangel,Sprint_Blend_ASR_SHRAM,FPS_Sprint_Blend_SNP_Archangel,aimIdle_crouchBlend_ASR_SHRAM,FPS_Crouch_Blend_SNP_Archangel,Prone_Blend_ASR,FPS_Prone_Blend_ASR,prone_to_stand_SNP_ARS,FPS_Stand_to_Prone,Stand_to_Prone_SNP_ARS,FPS_Stand_to_Prone,aimIdle_crouch_SNP_ARS,aimidle_prone_SNP_ARS,prone_to_crouch_SNP_ARS,none,crouch_to_prone_SNP_ARS,none,reload_crouchBlend_SNP_ARS,aimshoot_crouchBlend_ASR_SHRAM,Jump_ASR_Idle_S,Jump_ASR_Idle_A,Jump_ASR_Idle_F,Jump_ASR_Idle_L,Jump_ASR_Run_S,Jump_ASR_Run_A,Jump_ASR_Run_F,Jump_ASR_Run_L,Jump_ASR_Sprint_S,Jump_ASR_Sprint_A,Jump_ASR_Sprint_F,Jump_ASR_Sprint_L,FPS_reload_crouch_SNP_Bullistic,FPS_aimShoot_crouch_SNP_Archangel,FPS_Attach_Raise_SNP_Archangel,FPS_Attach_Idle_SNP_Archangel,none,none,none,none,none,none,none,none,none,none,none,none,none,none,none,none,none,none
,,,,,,,,,,,,,,,,,,,,,,,,,,,,,,,,,,,,,,,,,,,,,,,,,,,,,,,,,,,,,,,,,,,,,,,,,,,,,,,,,,,,,
,,,,,,,,,,,,,,,,,,,,,,,,,,,,,,,,,,,,,,,,,,,,,,,,,,,,,,,,,,,,,,,,,,,,,,,,,,,,,,,,,,,,,
LMG_NG100_Tier2,none,idle_stand_LMG,FPS_aimIdle_standIdle_LMG,idle_crouch_LMG,FPS_aimIdle_crouch_LMG,aimidle_prone_LMG,FPS_aimIdle_prone_LMG,aimidle_standIdle_LMG,none,aimidle_runBlend_LMG,none,aimidle_crouchBlend_ASR_SHRAM,none,aimidle_prone_LMG,none,reload_stand_LMG,FPS_reload_standIdle_LMG,reload_runBlend_LMG,FPS_reload_standIdle_LMG,reload_crouch_LMG,FPS_reload_crouch_LMG,reload_prone_LMG,FPS_reload_prone_LMG,aimShoot_standIdle_LMG,FPS_aimShoot_standIdle_LMG,aimShoot_runBlend_ASR_MXZ5,FPS_aimShoot_standIdle_LMG,aimShoot_crouch_LMG,FPS_aimShoot_crouch_LMG,aimShoot_prone_LMG,FPS_aimShoot_prone_LMG,Run_Blend_LMG,FPS_Run_Blend_LMG,Sprint_Blend_ASR_SHRAM,FPS_Sprint_Blend_LMG,aimIdle_crouchBlend_ASR_SHRAM,FPS_Crouch_Blend_LMG,Prone_Blend_ASR,FPS_Prone_Blend_ASR,prone_to_stand_LMG,FPS_Stand_to_Prone,Stand_to_Prone_LMG,FPS_Stand_to_Prone,aimIdle_crouch_LMG,aimidle_prone_LMG,prone_to_crouch_LMG,none,crouch_to_prone_LMG,none,reload_crouchBlend_LMG,aimshoot_crouchBlend_ASR_SHRAM,Jump_ASR_Idle_S,Jump_ASR_Idle_A,Jump_ASR_Idle_F,Jump_ASR_Idle_L,Jump_ASR_Run_S,Jump_ASR_Run_A,Jump_ASR_Run_F,Jump_ASR_Run_L,Jump_ASR_Sprint_S,Jump_ASR_Sprint_A,Jump_ASR_Sprint_F,Jump_ASR_Sprint_L,FPS_reload_crouch_LMG,FPS_aimShoot_crouch_LMG,FPS_Attach_Raise_LMG,FPS_Attach_Idle_LMG,none,none,none,none,none,none,none,none,none,none,none,none,none,none,none,none,none,none
LMG_NG100_Mk6_1,none,idle_stand_LMG,FPS_aimIdle_standIdle_LMG,idle_crouch_LMG,FPS_aimIdle_crouch_LMG,aimidle_prone_LMG,FPS_aimIdle_prone_LMG,aimidle_standIdle_LMG,none,aimidle_runBlend_LMG,none,aimidle_crouchBlend_ASR_SHRAM,none,aimidle_prone_LMG,none,reload_stand_LMG,FPS_reload_standIdle_LMG,reload_runBlend_LMG,FPS_reload_standIdle_LMG,reload_crouch_LMG,FPS_reload_crouch_LMG,reload_prone_LMG,FPS_reload_prone_LMG,aimShoot_standIdle_LMG,FPS_aimShoot_standIdle_LMG,aimShoot_runBlend_ASR_MXZ5,FPS_aimShoot_standIdle_LMG,aimShoot_crouch_LMG,FPS_aimShoot_crouch_LMG,aimShoot_prone_LMG,FPS_aimShoot_prone_LMG,Run_Blend_LMG,FPS_Run_Blend_LMG,Sprint_Blend_ASR_SHRAM,FPS_Sprint_Blend_LMG,aimIdle_crouchBlend_ASR_SHRAM,FPS_Crouch_Blend_LMG,Prone_Blend_ASR,FPS_Prone_Blend_ASR,prone_to_stand_LMG,FPS_Stand_to_Prone,Stand_to_Prone_LMG,FPS_Stand_to_Prone,aimIdle_crouch_LMG,aimidle_prone_LMG,prone_to_crouch_LMG,none,crouch_to_prone_LMG,none,reload_crouchBlend_LMG,aimshoot_crouchBlend_ASR_SHRAM,Jump_ASR_Idle_S,Jump_ASR_Idle_A,Jump_ASR_Idle_F,Jump_ASR_Idle_L,Jump_ASR_Run_S,Jump_ASR_Run_A,Jump_ASR_Run_F,Jump_ASR_Run_L,Jump_ASR_Sprint_S,Jump_ASR_Sprint_A,Jump_ASR_Sprint_F,Jump_ASR_Sprint_L,FPS_reload_crouch_LMG,FPS_aimShoot_crouch_LMG,FPS_Attach_Raise_LMG,FPS_Attach_Idle_LMG,none,none,none,none,none,none,none,none,none,none,none,none,none,none,none,none,none,none
LMG_HMG_Mk6_1,none,idle_stand_LMG_HMG,FPS_aimIdle_standIdle_LMG_HMG_01,idle_crouch_LMG_HMG,none,aimidle_prone_LMG,none,idle_stand_LMG_HMG,none,aimidle_runBlend_LMG,none,aimidle_crouchBlend_LMG_HMG,none,aimidle_prone_LMG,none,reload_stand_LMG,FPS_reload_standIdle_LMG_HMG_01,reload_runBlend_LMG,FPS_reload_standIdle_LMG_HMG_01,reload_crouch_LMG,FPS_reload_standIdle_LMG_HMG_01,reload_prone_LMG,FPS_reload_standIdle_LMG_HMG_01,aimshoot_standIdle_LMG_HMG,FPS_aimShoot_standIdle_LMG_HMG_01,aimshoot_runBlend_LMG_HMG,FPS_aimShoot_standIdle_LMG_HMG_01,aimshoot_crouch_LMG_HMG,none,none,none,Run_Blend_LMG_HMG,FPS_Run_Blend_LMG_HMG_01,Sprint_Blend_LMG_HMG,FPS_Sprint_Blend_LMG_HMG_01,aimidle_crouchBlend_LMG_HMG,none,Prone_Blend_ASR,none,prone_to_stand_LMG,FPS_Stand_to_Prone,Stand_to_Prone_LMG,FPS_Stand_to_Prone,aimidle_crouch_LMG_HMG,aimidle_prone_LMG,prone_to_crouch_LMG,none,crouch_to_prone_LMG,none,reload_crouchBlend_LMG,aimshoot_crouchBlend_LMG_HMG,Jump_ASR_Idle_S,Jump_ASR_Idle_A,Jump_ASR_Idle_F,Jump_ASR_Idle_L,Jump_ASR_Run_S,Jump_ASR_Run_A,Jump_ASR_Run_F,Jump_ASR_Run_L,Jump_LMG_HMG_Sprint_S,Jump_LMG_HMG_Sprint_A,Jump_ASR_Sprint_F,Jump_LMG_HMG_Sprint_L,none,none,FPS_Attach_Raise_LMG_HMG_01,FPS_Attach_Idle_LMG_HMG_01,none,none,none,none,none,none,none,none,none,none,none,none,none,none,none,none,none,none
,,,,,,,,,,,,,,,,,,,,,,,,,,,,,,,,,,,,,,,,,,,,,,,,,,,,,,,,,,,,,,,,,,,,,,,,,,,,,,,,,,,,,
,,,,,,,,,,,,,,,,,,,,,,,,,,,,,,,,,,,,,,,,,,,,,,,,,,,,,,,,,,,,,,,,,,,,,,,,,,,,,,,,,,,,,
SUP_AT4_Tier2,none,idle_stand_SUP_AT4,FPS_aimIdle_standIdle_SUP_AT4,idle_crouch_SUP_AT4,FPS_aimIdle_crouch_SUP_AT4,aimidle_prone_SUP_AT4,FPS_aimIdle_prone_SUP_AT4,aimidle_standIdle_SUP_AT4,none,aimidle_runBlend_SUP_AT4,none,aimidle_crouchBlend_SUP_AT4,none,aimidle_prone_SUP_AT4,none,reload_stand_SUP_Eliminator,FPS_reload_standIdle_SUP_AT4,reload_runBlend_SUP_Eliminator,FPS_reload_standIdle_SUP_AT4,reload_crouch_SUP_Eliminator,FPS_reload_crouch_SUP_AT4,reload_prone_SUP_Eliminator,FPS_reload_prone_SUP_AT4,aimShoot_standIdle_SUP_AT4,FPS_aimShoot_standIdle_SUP_AT4,aimShoot_runBlend_SUP_AT4,FPS_aimShoot_standIdle_SUP_AT4,aimShoot_crouch_SUP_AT4,FPS_aimShoot_crouch_SUP_AT4,aimShoot_prone_SUP_AT4,FPS_aimShoot_prone_SUP_AT4,Run_Blend_SUP_AT4,FPS_Run_Blend_SUP_AT4,Sprint_Blend_ASR_SHRAM,FPS_Sprint_Blend_SUP_AT4,aimidle_crouchBlend_SUP_AT4,FPS_Crouch_Blend_SUP_AT4,Prone_Blend_ASR,FPS_Prone_Blend_ASR,prone_to_stand_SUP_AT4,FPS_Stand_to_Prone,Stand_to_Prone_SUP_AT4,FPS_Stand_to_Prone,aimIdle_crouch_SUP_AT4,aimidle_prone_SUP_AT4,prone_to_crouch_SUP_AT4,none,crouch_to_prone_SUP_AT4,none,reload_crouchBlend_SUP_Eliminator,aimshoot_crouchBlend_SUP_AT4,Jump_ASR_Idle_S,Jump_ASR_Idle_A,Jump_ASR_Idle_F,Jump_ASR_Idle_L,Jump_ASR_Run_S,Jump_ASR_Run_A,Jump_ASR_Run_F,Jump_ASR_Run_L,Jump_ASR_Sprint_S,Jump_ASR_Sprint_A,Jump_ASR_Sprint_F,Jump_ASR_Sprint_L,FPS_reload_crouch_SUP_AT4,FPS_aimShoot_crouch_SUP_AT4,FPS_Attach_Raise_SUP_AT4,FPS_Attach_Idle_SUP_AT4,none,none,none,none,none,none,none,none,none,none,none,none,none,none,none,none,none,none
SUP_Eliminator_Tier2,none,idle_stand_SUP_Eliminator,FPS_aimIdle_standIdle_SUP_Eliminator,idle_crouch_SUP_Eliminator,FPS_aimIdle_crouch_SUP_Eliminator,aimidle_prone_SUP_Eliminator,FPS_aimIdle_prone_SUP_Eliminator,aimidle_standIdle_SUP_Eliminator,none,aimidle_runBlend_SUP_Eliminator,none,aimidle_crouchBlend_SUP_Eliminator,none,aimidle_prone_SUP_Eliminator,none,reload_stand_SUP_Eliminator,FPS_reload_standIdle_SUP_Eliminator,reload_runBlend_SUP_Eliminator,FPS_reload_standIdle_SUP_Eliminator,reload_crouch_SUP_Eliminator,FPS_reload_crouch_SUP_Eliminator,reload_prone_SUP_Eliminator,FPS_reload_prone_SUP_Eliminator,aimShoot_standIdle_SUP_Eliminator,FPS_aimShoot_standIdle_SUP_Eliminator,aimShoot_runBlend_SUP_Eliminator,FPS_aimShoot_standIdle_SUP_Eliminator,aimShoot_crouch_SUP_Eliminator,FPS_aimShoot_crouch_SUP_Eliminator,aimShoot_prone_SUP_Eliminator,FPS_aimShoot_prone_SUP_Eliminator,Run_Blend_SUP_Eliminator,FPS_Run_Blend_SUP_Eliminator,Sprint_Blend_ASR_SHRAM,FPS_Sprint_Blend_SUP_Eliminator,aimidle_crouchBlend_SUP_Eliminator,FPS_Crouch_Blend_SUP_Eliminator,Prone_Blend_ASR,FPS_Prone_Blend_ASR,prone_to_stand_SUP_Eliminator,FPS_Stand_to_Prone,Stand_to_Prone_SUP_Eliminator,FPS_Stand_to_Prone,aimIdle_crouch_SUP_Eliminator,aimidle_prone_SUP_Eliminator,prone_to_crouch_SUP_Eliminator,none,crouch_to_prone_SUP_Eliminator,none,reload_crouchBlend_SUP_Eliminator,aimshoot_crouchBlend_SUP_Eliminator,Jump_ASR_Idle_S,Jump_ASR_Idle_A,Jump_ASR_Idle_F,Jump_ASR_Idle_L,Jump_ASR_Run_S,Jump_ASR_Run_A,Jump_ASR_Run_F,Jump_ASR_Run_L,Jump_ASR_Sprint_S,Jump_ASR_Sprint_A,Jump_ASR_Sprint_F,Jump_ASR_Sprint_L,FPS_reload_crouch_SUP_Eliminator,FPS_aimShoot_crouch_SUP_Eliminator,FPS_Attach_Raise_SUP_Eliminator,FPS_Attach_Idle_SUP_Eliminator,none,none,none,none,none,none,none,none,none,none,none,none,none,none,none,none,none,none
SUP_RPG7_Tier2,none,idle_stand_SUP_RPG,FPS_aimIdle_standIdle_SUP_RPG,idle_crouch_SUP_RPG,FPS_aimIdle_crouch_SUP_RPG,aimidle_prone_SUP_RPG,FPS_aimIdle_prone_SUP_RPG,aimidle_standIdle_SUP_RPG,none,aimidle_runBlend_SUP_RPG,none,aimidle_crouchBlend_SUP_AT4,none,aimidle_prone_SUP_RPG,none,reload_stand_SUP_RPG,FPS_reload_standIdle_SUP_RPG,reload_runBlend_SUP_RPG,FPS_reload_standIdle_SUP_RPG,reload_crouch_SUP_RPG,FPS_reload_crouch_SUP_RPG,reload_prone_SUP_RPG,FPS_reload_prone_SUP_RPG,aimShoot_standIdle_SUP_RPG,FPS_aimShoot_standIdle_SUP_RPG,aimShoot_runBlend_SUP_RPG,FPS_aimShoot_standIdle_SUP_RPG,aimShoot_crouch_SUP_RPG,FPS_aimShoot_crouch_SUP_RPG,aimShoot_prone_SUP_RPG,FPS_aimShoot_prone_SUP_RPG,Run_Blend_SUP_RPG,FPS_Run_Blend_SUP_RPG,Sprint_Blend_ASR_SHRAM,FPS_Sprint_Blend_SUP_RPG,aimidle_crouchBlend_SUP_AT4,FPS_Crouch_Blend_SUP_RPG,Prone_Blend_ASR,FPS_Prone_Blend_ASR,prone_to_stand_SUP_RPG,FPS_Stand_to_Prone,Stand_to_Prone_SUP_RPG,FPS_Stand_to_Prone,aimIdle_crouch_SUP_RPG,aimidle_prone_SUP_RPG,prone_to_crouch_SUP_RPG,none,crouch_to_prone_SUP_RPG,none,reload_crouchBlend_SUP_RPG,aimshoot_crouchBlend_SUP_AT4,Jump_ASR_Idle_S,Jump_ASR_Idle_A,Jump_ASR_Idle_F,Jump_ASR_Idle_L,Jump_ASR_Run_S,Jump_ASR_Run_A,Jump_ASR_Run_F,Jump_ASR_Run_L,Jump_ASR_Sprint_S,Jump_ASR_Sprint_A,Jump_ASR_Sprint_F,Jump_ASR_Sprint_L,FPS_reload_crouch_SUP_RPG,FPS_aimShoot_crouch_SUP_RPG,FPS_Attach_Raise_SUP_RPG,FPS_Attach_Idle_SUP_RPG,none,none,none,none,none,none,none,none,none,none,none,none,none,none,none,none,none,none
SUP_RPG7_MK6_1,none,idle_stand_SUP_RPG,FPS_aimIdle_standIdle_SUP_RPG,idle_crouch_SUP_RPG,FPS_aimIdle_crouch_SUP_RPG,aimidle_prone_SUP_RPG,FPS_aimIdle_prone_SUP_RPG,aimidle_standIdle_SUP_RPG,none,aimidle_runBlend_SUP_RPG,none,aimidle_crouchBlend_SUP_AT4,none,aimidle_prone_SUP_RPG,none,reload_stand_SUP_RPG,FPS_reload_standIdle_SUP_RPG,reload_runBlend_SUP_RPG,FPS_reload_standIdle_SUP_RPG,reload_crouch_SUP_RPG,FPS_reload_crouch_SUP_RPG,reload_prone_SUP_RPG,FPS_reload_prone_SUP_RPG,aimShoot_standIdle_SUP_RPG,FPS_aimShoot_standIdle_SUP_RPG,aimShoot_runBlend_SUP_RPG,FPS_aimShoot_standIdle_SUP_RPG,aimShoot_crouch_SUP_RPG,FPS_aimShoot_crouch_SUP_RPG,aimShoot_prone_SUP_RPG,FPS_aimShoot_prone_SUP_RPG,Run_Blend_SUP_RPG,FPS_Run_Blend_SUP_RPG,Sprint_Blend_ASR_SHRAM,FPS_Sprint_Blend_SUP_RPG,aimidle_crouchBlend_SUP_AT4,FPS_Crouch_Blend_SUP_RPG,Prone_Blend_ASR,FPS_Prone_Blend_ASR,prone_to_stand_SUP_RPG,FPS_Stand_to_Prone,Stand_to_Prone_SUP_RPG,FPS_Stand_to_Prone,aimIdle_crouch_SUP_RPG,aimidle_prone_SUP_RPG,prone_to_crouch_SUP_RPG,none,crouch_to_prone_SUP_RPG,none,reload_crouchBlend_SUP_RPG,aimshoot_crouchBlend_SUP_AT4,Jump_ASR_Idle_S,Jump_ASR_Idle_A,Jump_ASR_Idle_F,Jump_ASR_Idle_L,Jump_ASR_Run_S,Jump_ASR_Run_A,Jump_ASR_Run_F,Jump_ASR_Run_L,Jump_ASR_Sprint_S,Jump_ASR_Sprint_A,Jump_ASR_Sprint_F,Jump_ASR_Sprint_L,FPS_reload_crouch_SUP_RPG,FPS_aimShoot_crouch_SUP_RPG,FPS_Attach_Raise_SUP_RPG,FPS_Attach_Idle_SUP_RPG,none,none,none,none,none,none,none,none,none,none,none,none,none,none,none,none,none,none
,,,,,,,,,,,,,,,,,,,,,,,,,,,,,,,,,,,,,,,,,,,,,,,,,,,,,,,,,,,,,,,,,,,,,,,,,,,,,,,,,,,,,
,,,,,,,,,,,,,,,,,,,,,,,,,,,,,,,,,,,,,,,,,,,,,,,,,,,,,,,,,,,,,,,,,,,,,,,,,,,,,,,,,,,,,
,,,,,,,,,,,,,,,,,,,,,,,,,,,,,,,,,,,,,,,,,,,,,,,,,,,,,,,,,,,,,,,,,,,,,,,,,,,,,,,,,,,,,
SMG_Bizon_Tier1,none,idle_stand_SMG_BIZON,FPS_aimIdle_standIdle_SMG_BIZON,idle_crouch_SMG_Base,FPS_aimIdle_crouch_SMG_Bizon,aimidle_prone_SMG_Bizon,FPS_aimIdle_standIdle_SMG_BIZON,idle_stand_SMG_Kriss_Combat,none,aimidle_runBlend_SMG_Bizon,none,aimidle_crouchBlend_SHG_Base,none,aimidle_prone_SMG_Bizon,none,reload_stand_SMG_Bizon,FPS_reload_standIdle_SMG_Bizon,reload_runBlend_SMG_Bizon,FPS_reload_standIdle_SMG_Bizon,reload_crouch_SMG_Bizon,FPS_reload_crouch_SMG_Bizon,reload_prone_SMG_Bizon,FPS_reload_standIdle_SMG_Bizon,aimShoot_standIdle_SMG_Kriss,FPS_aimShoot_standIdle_SMG_Bizon,aimshoot_runBlend_SMG_Kriss,FPS_aimShoot_StandIdle_SMG_Bizon,aimShoot_crouch_ASR_SHRAM,FPS_aimShoot_crouch_SMG_Bizon,aimShoot_prone_SMG_Bizon,FPS_aimShoot_standIdle_SMG_Bizon,Run_Blend_SMG_Kriss,FPS_Run_Blend_SMG_Bizon,Sprint_Blend_ASR_SHRAM,FPS_Sprint_Blend_SMG_Bizon,aimidle_crouchBlend_SHG_Base,FPS_Crouch_Blend_SMG_Bizon,Prone_Blend_ASR,FPS_Prone_Blend_ASR,prone_to_stand_SMG_Bizon,FPS_Stand_to_Prone,Stand_to_Prone_SMG_Bizon,FPS_Stand_to_Prone,aimIdle_crouch_ASR_HB,aimidle_prone_SMG_Bizon,prone_to_crouch_SMG_Bizon,none,crouch_to_prone_SMG_Bizon,none,reload_crouchBlend_SMG_Bizon,aimshoot_crouchBlend_ASR_SHRAM,Jump_ASR_Idle_S,Jump_ASR_Idle_A,Jump_ASR_Idle_F,Jump_ASR_Idle_L,Jump_ASR_Run_S,Jump_ASR_Run_A,Jump_ASR_Run_F,Jump_ASR_Run_L,Jump_ASR_Sprint_S,Jump_ASR_Sprint_A,Jump_ASR_Sprint_F,Jump_ASR_Sprint_L,FPS_reload_crouch_SMG_Bizon,FPS_aimShoot_crouch_ASR_SHRAM,FPS_Attach_Raise_SMG_Bizon,FPS_Attach_Idle_SMG_Bizon,none,none,none,none,none,none,none,none,none,none,none,none,none,none,none,none,none,none
SMG_Bizon_Tier2,none,idle_stand_SMG_BIZON,FPS_aimIdle_standIdle_SMG_BIZON,idle_crouch_SMG_Base,FPS_aimIdle_crouch_SMG_Bizon,aimidle_prone_SMG_Bizon,FPS_aimIdle_standIdle_SMG_BIZON,idle_stand_SMG_Kriss_Combat,none,aimidle_runBlend_SMG_Bizon,none,aimidle_crouchBlend_SHG_Base,none,aimidle_prone_SMG_Bizon,none,reload_stand_SMG_Bizon,FPS_reload_standIdle_SMG_Bizon,reload_runBlend_SMG_Bizon,FPS_reload_standIdle_SMG_Bizon,reload_crouch_SMG_Bizon,FPS_reload_crouch_SMG_Bizon,reload_prone_SMG_Bizon,FPS_reload_standIdle_SMG_Bizon,aimShoot_standIdle_SMG_Kriss,FPS_aimShoot_standIdle_SMG_Bizon,aimshoot_runBlend_SMG_Kriss,FPS_aimShoot_StandIdle_SMG_Bizon,aimShoot_crouch_ASR_SHRAM,FPS_aimShoot_crouch_SMG_Bizon,aimShoot_prone_SMG_Bizon,FPS_aimShoot_standIdle_SMG_Bizon,Run_Blend_SMG_Kriss,FPS_Run_Blend_SMG_Bizon,Sprint_Blend_ASR_SHRAM,FPS_Sprint_Blend_SMG_Bizon,aimidle_crouchBlend_SHG_Base,FPS_Crouch_Blend_SMG_Bizon,Prone_Blend_ASR,FPS_Prone_Blend_ASR,prone_to_stand_SMG_Bizon,FPS_Stand_to_Prone,Stand_to_Prone_SMG_Bizon,FPS_Stand_to_Prone,aimIdle_crouch_ASR_HB,aimidle_prone_SMG_Bizon,prone_to_crouch_SMG_Bizon,none,crouch_to_prone_SMG_Bizon,none,reload_crouchBlend_SMG_Bizon,aimshoot_crouchBlend_ASR_SHRAM,Jump_ASR_Idle_S,Jump_ASR_Idle_A,Jump_ASR_Idle_F,Jump_ASR_Idle_L,Jump_ASR_Run_S,Jump_ASR_Run_A,Jump_ASR_Run_F,Jump_ASR_Run_L,Jump_ASR_Sprint_S,Jump_ASR_Sprint_A,Jump_ASR_Sprint_F,Jump_ASR_Sprint_L,FPS_reload_crouch_SMG_Bizon,FPS_aimShoot_crouch_ASR_SHRAM,FPS_Attach_Raise_SMG_Bizon,FPS_Attach_Idle_SMG_Bizon,none,none,none,none,none,none,none,none,none,none,none,none,none,none,none,none,none,none
SMG_Bizon_Mk6_1,none,idle_stand_SMG_BIZON,FPS_aimIdle_standIdle_SMG_BIZON,idle_crouch_SMG_Base,FPS_aimIdle_crouch_SMG_Bizon,aimidle_prone_SMG_Bizon,FPS_aimIdle_standIdle_SMG_BIZON,idle_stand_SMG_Kriss_Combat,none,aimidle_runBlend_SMG_Bizon,none,aimidle_crouchBlend_SHG_Base,none,aimidle_prone_SMG_Bizon,none,reload_stand_SMG_Bizon,FPS_reload_standIdle_SMG_Bizon,reload_runBlend_SMG_Bizon,FPS_reload_standIdle_SMG_Bizon,reload_crouch_SMG_Bizon,FPS_reload_crouch_SMG_Bizon,reload_prone_SMG_Bizon,FPS_reload_standIdle_SMG_Bizon,aimShoot_standIdle_SMG_Kriss,FPS_aimShoot_standIdle_SMG_Bizon,aimshoot_runBlend_SMG_Kriss,FPS_aimShoot_StandIdle_SMG_Bizon,aimShoot_crouch_ASR_SHRAM,FPS_aimShoot_crouch_SMG_Bizon,aimShoot_prone_SMG_Bizon,FPS_aimShoot_standIdle_SMG_Bizon,Run_Blend_SMG_Kriss,FPS_Run_Blend_SMG_Bizon,Sprint_Blend_ASR_SHRAM,FPS_Sprint_Blend_SMG_Bizon,aimidle_crouchBlend_SHG_Base,FPS_Crouch_Blend_SMG_Bizon,Prone_Blend_ASR,FPS_Prone_Blend_ASR,prone_to_stand_SMG_Bizon,FPS_Stand_to_Prone,Stand_to_Prone_SMG_Bizon,FPS_Stand_to_Prone,aimIdle_crouch_ASR_HB,aimidle_prone_SMG_Bizon,prone_to_crouch_SMG_Bizon,none,crouch_to_prone_SMG_Bizon,none,reload_crouchBlend_SMG_Bizon,aimshoot_crouchBlend_ASR_SHRAM,Jump_ASR_Idle_S,Jump_ASR_Idle_A,Jump_ASR_Idle_F,Jump_ASR_Idle_L,Jump_ASR_Run_S,Jump_ASR_Run_A,Jump_ASR_Run_F,Jump_ASR_Run_L,Jump_ASR_Sprint_S,Jump_ASR_Sprint_A,Jump_ASR_Sprint_F,Jump_ASR_Sprint_L,FPS_reload_crouch_SMG_Bizon,FPS_aimShoot_crouch_ASR_SHRAM,FPS_Attach_Raise_SMG_Bizon,FPS_Attach_Idle_SMG_Bizon,none,none,none,none,none,none,none,none,none,none,none,none,none,none,none,none,none,none
,,,,,,,,,,,,,,,,,,,,,,,,,,,,,,,,,,,,,,,,,,,,,,,,,,,,,,,,,,,,,,,,,,,,,,,,,,,,,,,,,,,,,
SMG_EVO_Tier1,none,idle_stand_ASR_EVO,FPS_aimIdle_standIdle_SMG_EVO,idle_crouch_SMG_Base2,FPS_aimIdle_crouch_SMG_EVO,aimidle_prone_SMG_EVO,FPS_aimIdle_standIdle_SMG_EVO,idle_stand_ASR_SHRAM_Combat,none,aimidle_runBlend_SMG_EVO,none,aimidle_crouchBlend_ASR_SHRAM,none,aimidle_prone_SMG_EVO,none,reload_stand_SMG_EVO,FPS_reload_standIdle_SMG_EVO,reload_runBlend_SMG_EVO,FPS_reload_standIdle_SMG_EVO,reload_crouch_SMG_EVO,FPS_reload_crouch_SMG_EVO,reload_prone_SMG_EVO,FPS_reload_standIdle_SMG_EVO,aimShoot_standIdle_ASR_SHRAM,FPS_aimShoot_standIdle_SMG_EVO,aimShoot_runBlend_ASR_SHRAM,FPS_aimShoot_StandIdle_SMG_EVO,aimShoot_crouch_ASR_SHRAM,FPS_aimShoot_crouch_SMG_EVO,aimShoot_prone_SMG_EVO,shoot,Run_Blend_ASR_SHRAM,FPS_Run_Blend_SMG_EVO,Sprint_Blend_ASR_SHRAM,FPS_Sprint_Blend_SMG_EVO,aimIdle_crouchBlend_ASR_SHRAM,FPS_Crouch_Blend_SMG_EVO,Prone_Blend_ASR,FPS_Prone_Blend_ASR,prone_to_stand_SMG_EVO,FPS_Stand_to_Prone,Stand_to_Prone_SMG_EVO,FPS_Stand_to_Prone,aimIdle_crouch_ASR_HB,aimidle_prone_SMG_EVO,prone_to_crouch_SMG_EVO,none,crouch_to_prone_SMG_EVO,none,reload_crouchBlend_SMG_EVO,aimshoot_crouchBlend_ASR_SHRAM,Jump_ASR_Idle_S,Jump_ASR_Idle_A,Jump_ASR_Idle_F,Jump_ASR_Idle_L,Jump_ASR_Run_S,Jump_ASR_Run_A,Jump_ASR_Run_F,Jump_ASR_Run_L,Jump_ASR_Sprint_S,Jump_ASR_Sprint_A,Jump_ASR_Sprint_F,Jump_ASR_Sprint_L,FPS_reload_crouch_SMG_EVO,FPS_aimShoot_crouch_ASR_SHRAM,FPS_Attach_Raise_SMG_EVO,FPS_Attach_Idle_SMG_EVO,none,none,none,none,none,none,none,none,none,none,none,none,none,none,none,none,none,none
SMG_EVO_Tier2,none,idle_stand_ASR_EVO,FPS_aimIdle_standIdle_SMG_EVO,idle_crouch_SMG_Base2,FPS_aimIdle_crouch_SMG_EVO,aimidle_prone_SMG_EVO,FPS_aimIdle_standIdle_SMG_EVO,idle_stand_ASR_SHRAM_Combat,none,aimidle_runBlend_SMG_EVO,none,aimidle_crouchBlend_ASR_SHRAM,none,aimidle_prone_SMG_EVO,none,reload_stand_SMG_EVO,FPS_reload_standIdle_SMG_EVO,reload_runBlend_SMG_EVO,FPS_reload_standIdle_SMG_EVO,reload_crouch_SMG_EVO,FPS_reload_crouch_SMG_EVO,reload_prone_SMG_EVO,FPS_reload_standIdle_SMG_EVO,aimShoot_standIdle_ASR_SHRAM,FPS_aimShoot_standIdle_SMG_EVO,aimShoot_runBlend_ASR_SHRAM,FPS_aimShoot_StandIdle_SMG_EVO,aimShoot_crouch_ASR_SHRAM,FPS_aimShoot_crouch_SMG_EVO,aimShoot_prone_SMG_EVO,shoot,Run_Blend_ASR_SHRAM,FPS_Run_Blend_SMG_EVO,Sprint_Blend_ASR_SHRAM,FPS_Sprint_Blend_SMG_EVO,aimIdle_crouchBlend_ASR_SHRAM,FPS_Crouch_Blend_SMG_EVO,Prone_Blend_ASR,FPS_Prone_Blend_ASR,prone_to_stand_SMG_EVO,FPS_Stand_to_Prone,Stand_to_Prone_SMG_EVO,FPS_Stand_to_Prone,aimIdle_crouch_ASR_HB,aimidle_prone_SMG_EVO,prone_to_crouch_SMG_EVO,none,crouch_to_prone_SMG_EVO,none,reload_crouchBlend_SMG_EVO,aimshoot_crouchBlend_ASR_SHRAM,Jump_ASR_Idle_S,Jump_ASR_Idle_A,Jump_ASR_Idle_F,Jump_ASR_Idle_L,Jump_ASR_Run_S,Jump_ASR_Run_A,Jump_ASR_Run_F,Jump_ASR_Run_L,Jump_ASR_Sprint_S,Jump_ASR_Sprint_A,Jump_ASR_Sprint_F,Jump_ASR_Sprint_L,FPS_reload_crouch_SMG_EVO,FPS_aimShoot_crouch_ASR_SHRAM,FPS_Attach_Raise_SMG_EVO,FPS_Attach_Idle_SMG_EVO,none,none,none,none,none,none,none,none,none,none,none,none,none,none,none,none,none,none
SMG_EVO_Mk6_1,none,idle_stand_ASR_EVO,FPS_aimIdle_standIdle_SMG_EVO,idle_crouch_SMG_Base2,FPS_aimIdle_crouch_SMG_EVO,aimidle_prone_SMG_EVO,FPS_aimIdle_standIdle_SMG_EVO,idle_stand_ASR_SHRAM_Combat,none,aimidle_runBlend_SMG_EVO,none,aimidle_crouchBlend_ASR_SHRAM,none,aimidle_prone_SMG_EVO,none,reload_stand_SMG_EVO,FPS_reload_standIdle_SMG_EVO,reload_runBlend_SMG_EVO,FPS_reload_standIdle_SMG_EVO,reload_crouch_SMG_EVO,FPS_reload_crouch_SMG_EVO,reload_prone_SMG_EVO,FPS_reload_standIdle_SMG_EVO,aimShoot_standIdle_ASR_SHRAM,FPS_aimShoot_standIdle_SMG_EVO,aimShoot_runBlend_ASR_SHRAM,FPS_aimShoot_StandIdle_SMG_EVO,aimShoot_crouch_ASR_SHRAM,FPS_aimShoot_crouch_SMG_EVO,aimShoot_prone_SMG_EVO,shoot,Run_Blend_ASR_SHRAM,FPS_Run_Blend_SMG_EVO,Sprint_Blend_ASR_SHRAM,FPS_Sprint_Blend_SMG_EVO,aimIdle_crouchBlend_ASR_SHRAM,FPS_Crouch_Blend_SMG_EVO,Prone_Blend_ASR,FPS_Prone_Blend_ASR,prone_to_stand_SMG_EVO,FPS_Stand_to_Prone,Stand_to_Prone_SMG_EVO,FPS_Stand_to_Prone,aimIdle_crouch_ASR_HB,aimidle_prone_SMG_EVO,prone_to_crouch_SMG_EVO,none,crouch_to_prone_SMG_EVO,none,reload_crouchBlend_SMG_EVO,aimshoot_crouchBlend_ASR_SHRAM,Jump_ASR_Idle_S,Jump_ASR_Idle_A,Jump_ASR_Idle_F,Jump_ASR_Idle_L,Jump_ASR_Run_S,Jump_ASR_Run_A,Jump_ASR_Run_F,Jump_ASR_Run_L,Jump_ASR_Sprint_S,Jump_ASR_Sprint_A,Jump_ASR_Sprint_F,Jump_ASR_Sprint_L,FPS_reload_crouch_SMG_EVO,FPS_aimShoot_crouch_ASR_SHRAM,FPS_Attach_Raise_SMG_EVO,FPS_Attach_Idle_SMG_EVO,none,none,none,none,none,none,none,none,none,none,none,none,none,none,none,none,none,none
,,,,,,,,,,,,,,,,,,,,,,,,,,,,,,,,,,,,,,,,,,,,,,,,,,,,,,,,,,,,,,,,,,,,,,,,,,,,,,,,,,,,,
SMG_Kris_Tier2,none,idle_stand_SMG_Kriss,FPS_aimIdle_standIdle_SMG_Kriss,idle_crouch_SMG_Kris,FPS_aimIdle_crouch_SMG_Kriss,aimidle_prone_SMG_Kriss,FPS_aimIdle_standIdle_SMG_Kriss,idle_stand_SMG_Kriss_Combat,none,aimidle_runBlend_SMG_Kriss,none,aimidle_crouchBlend_SMG_Kris,none,aimidle_prone_SMG_Kriss,none,reload_stand_SMG_Kriss,FPS_reload_standIdle_SMG_Kriss,reload_runBlend_SMG_Kriss,FPS_reload_standIdle_SMG_Kriss,reload_crouch_SMG_Kriss,FPS_reload_crouch_SMG_Kriss,reload_prone_SMG_Kriss,FPS_reload_standIdle_SMG_Kriss,aimShoot_standIdle_SMG_Kriss,FPS_aimShoot_standIdle_SMG_Kriss,aimshoot_runBlend_SMG_Kriss,FPS_aimShoot_StandIdle_SMG_Kriss,aimShoot_crouch_ASR_SHRAM,FPS_aimShoot_crouch_SMG_Kriss,aimShoot_prone_SMG_Kriss,FPS_aimShoot_standIdle_SMG_Kriss,Run_Blend_SMG_Kriss,FPS_Run_Blend_SMG_Kriss,Sprint_Blend_ASR_SHRAM,FPS_Sprint_Blend_SMG_Kriss,aimidle_crouchBlend_SMG_Kris,FPS_Crouch_Blend_SMG_Kriss,Prone_Blend_ASR,FPS_Prone_Blend_ASR,prone_to_stand_SMG_Kriss,FPS_Stand_to_Prone,Stand_to_Prone_SMG_Kriss,FPS_Stand_to_Prone,aimIdle_crouch_ASR_HB,aimidle_prone_SMG_Kriss,prone_to_crouch_SMG_Kriss,none,crouch_to_prone_SMG_Kriss,none,reload_crouchBlend_SMG_Kriss,aimshoot_crouchBlend_ASR_SHRAM,Jump_ASR_Idle_S,Jump_ASR_Idle_A,Jump_ASR_Idle_F,Jump_ASR_Idle_L,Jump_ASR_Run_S,Jump_ASR_Run_A,Jump_ASR_Run_F,Jump_ASR_Run_L,Jump_ASR_Sprint_S,Jump_ASR_Sprint_A,Jump_ASR_Sprint_F,Jump_ASR_Sprint_L,FPS_reload_crouch_SMG_Kriss,FPS_aimShoot_crouch_ASR_SHRAM,FPS_Attach_Raise_SMG_Kriss,FPS_Attach_Idle_SMG_Kriss,none,none,none,none,none,none,none,none,none,none,none,none,none,none,none,none,none,none
SMG_Kris_Mk6_1,none,idle_stand_SMG_Kriss,FPS_aimIdle_standIdle_SMG_Kriss,idle_crouch_SMG_Kris,FPS_aimIdle_crouch_SMG_Kriss,aimidle_prone_SMG_Kriss,FPS_aimIdle_standIdle_SMG_Kriss,idle_stand_SMG_Kriss_Combat,none,aimidle_runBlend_SMG_Kriss,none,aimidle_crouchBlend_SMG_Kris,none,aimidle_prone_SMG_Kriss,none,reload_stand_SMG_Kriss,FPS_reload_standIdle_SMG_Kriss,reload_runBlend_SMG_Kriss,FPS_reload_standIdle_SMG_Kriss,reload_crouch_SMG_Kriss,FPS_reload_crouch_SMG_Kriss,reload_prone_SMG_Kriss,FPS_reload_standIdle_SMG_Kriss,aimShoot_standIdle_SMG_Kriss,FPS_aimShoot_standIdle_SMG_Kriss,aimshoot_runBlend_SMG_Kriss,FPS_aimShoot_StandIdle_SMG_Kriss,aimShoot_crouch_ASR_SHRAM,FPS_aimShoot_crouch_SMG_Kriss,aimShoot_prone_SMG_Kriss,FPS_aimShoot_standIdle_SMG_Kriss,Run_Blend_SMG_Kriss,FPS_Run_Blend_SMG_Kriss,Sprint_Blend_ASR_SHRAM,FPS_Sprint_Blend_SMG_Kriss,aimidle_crouchBlend_SMG_Kris,FPS_Crouch_Blend_SMG_Kriss,Prone_Blend_ASR,FPS_Prone_Blend_ASR,prone_to_stand_SMG_Kriss,FPS_Stand_to_Prone,Stand_to_Prone_SMG_Kriss,FPS_Stand_to_Prone,aimIdle_crouch_ASR_HB,aimidle_prone_SMG_Kriss,prone_to_crouch_SMG_Kriss,none,crouch_to_prone_SMG_Kriss,none,reload_crouchBlend_SMG_Kriss,aimshoot_crouchBlend_ASR_SHRAM,Jump_ASR_Idle_S,Jump_ASR_Idle_A,Jump_ASR_Idle_F,Jump_ASR_Idle_L,Jump_ASR_Run_S,Jump_ASR_Run_A,Jump_ASR_Run_F,Jump_ASR_Run_L,Jump_ASR_Sprint_S,Jump_ASR_Sprint_A,Jump_ASR_Sprint_F,Jump_ASR_Sprint_L,FPS_reload_crouch_SMG_Kriss,FPS_aimShoot_crouch_ASR_SHRAM,FPS_Attach_Raise_SMG_Kriss,FPS_Attach_Idle_SMG_Kriss,none,none,none,none,none,none,none,none,none,none,none,none,none,none,none,none,none,none
SMG_CF10_Tier2,none,idle_stand_SMG_CF,FPS_aimIdle_standIdle_SMG_ChangFeng,idle_crouch_SMG_CF,FPS_aimIdle_crouch_SMG_ChangFeng,aimidle_prone_SMG_Kriss,FPS_aimIdle_standIdle_SMG_ChangFeng,idle_stand_SMG_Kriss_Combat,none,aimidle_runBlend_SMG_Kriss,none,aimidle_crouchBlend_SMG_CF,none,aimidle_prone_SMG_Kriss,none,reload_stand_SMG_Kriss,FPS_reload_standIdle_SMG_ChangFeng,reload_runBlend_SMG_Kriss,FPS_reload_standIdle_SMG_ChangFeng,reload_crouch_SMG_Kriss,fps_reload_crouch_SMG_ChangFeng,reload_prone_SMG_Kriss,FPS_reload_standIdle_SMG_Kriss,aimShoot_standIdle_SMG_Kriss,FPS_aimShoot_standIdle_SMG_ChangFeng,aimshoot_runBlend_ASR_SHRAM,FPS_aimShoot_standIdle_SMG_ChangFeng,aimShoot_crouch_ASR_SHRAM,FPS_aimShoot_crouch_SMG_ChangFeng,aimShoot_prone_SMG_Kriss,FPS_aimShoot_standIdle_SMG_Kriss,Run_Blend_SMG_CF,FPS_Run_Blend_SMG_ChangFeng,Sprint_Blend_ASR_SHRAM,FPS_Sprint_Blend_SMG_ChangFeng,aimidle_crouchBlend_SMG_CF,FPS_Crouch_Blend_SMG_ChangFeng,Prone_Blend_ASR,FPS_Prone_Blend_ASR,prone_to_stand_SMG_Kriss,FPS_Stand_to_Prone,Stand_to_Prone_SMG_Kriss,FPS_Stand_to_Prone,aimIdle_crouch_ASR_HB,aimidle_prone_SMG_Kriss,prone_to_crouch_SMG_Kriss,none,crouch_to_prone_SMG_Kriss,none,reload_crouchBlend_SMG_Kriss,aimshoot_crouchBlend_ASR_SHRAM,Jump_ASR_Idle_S,Jump_ASR_Idle_A,Jump_ASR_Idle_F,Jump_ASR_Idle_L,Jump_ASR_Run_S,Jump_ASR_Run_A,Jump_ASR_Run_F,Jump_ASR_Run_L,Jump_ASR_Sprint_S,Jump_ASR_Sprint_A,Jump_ASR_Sprint_F,Jump_ASR_Sprint_L,FPS_reload_crouch_SMG_ChangFeng,FPS_aimShoot_crouch_ASR_SHRAM,FPS_Attach_Raise_SMG_Kriss,FPS_Attach_Idle_SMG_Kriss,none,none,none,none,none,none,none,none,none,none,none,none,none,none,none,none,none,none
,,,,,,,,,,,,,,,,,,,,,,,,,,,,,,,,,,,,,,,,,,,,,,,,,,,,,,,,,,,,,,,,,,,,,,,,,,,,,,,,,,,,,
,,,,,,,,,,,,,,,,,,,,,,,,,,,,,,,,,,,,,,,,,,,,,,,,,,,,,,,,,,,,,,,,,,,,,,,,,,,,,,,,,,,,,
Resupply_ammo_01,none,idle_stand_Medkit,FPS_aimIdle_standIdle_Deployable,idle_crouch_Medkit,FPS_aimIdle_standIdle_Medkit_01,idle_prone_Binoculars,FPS_aimIdle_standIdle_Medkit_01,aimshoot_standIdle_Binoculars,none,none,none,none,none,idle_prone_Binoculars,none,none,none,none,none,none,none,none,none,aimshoot_standIdle_Binoculars,FPS_aimshoot_standIdle_Binoculars,none,FPS_aimshoot_standIdle_Binoculars,none,FPS_aimshoot_crouch_Binoculars,none,FPS_aimshoot_prone_Binoculars,Run_Blend_Medkit,FPS_Run_Blend_Deployable,Sprint_Blend_Medkit,FPS_Sprint_Blend_Deployable,Crouch_Blend_Medkit,FPS_Crouch_Blend_Deployable,Prone_Blend_Binoculars,FPS_Prone_Blend_Binoculars,prone_to_stand_EXP_M26,none,Stand_to_Prone_EXP_M26,none,idle_crouch_EXP_M26,idle_crouch_EXP_M26,prone_to_crouch_EXP_M26,none,crouch_to_prone_EXP_M26,none,reload_crouchBlend_EXP_M26,none,Jump_ASR_Idle_S,Jump_ASR_Idle_A,Jump_ASR_Idle_F,Jump_ASR_Idle_L,Jump_Deployable_Run_S,Jump_Deployable_Run_A,Jump_Deployable_Run_F,Jump_Deployable_Run_L,Jump_Deployable_Sprint_S,Jump_Deployable_Sprint_A,Jump_Deployable_Sprint_F,Jump_Deployable_Sprint_L,none,FPS_aimShoot_crouch_Binoculars,none,none,Stand_Pull_EXP_M26,FPS_Stand_Pull_EXP_FlashEMP,Stand_Hold_EXP_M26,FPS_Stand_Hold_EXP_M26,Stand_Release_EXP_M26,FPS_Stand_Release_EXP_M26,Crouch_Pull_EXP_M26,FPS_Crouch_Pull_EXP_FlashEMP,Crouch_Hold_EXP_M26,FPS_Crouch_Hold_EXP_M26,Stand_Release_EXP_M26,FPS_Stand_Release_EXP_M26,Prone_Pull_EXP_M26,FPS_Prone_Pull_EXP_FlashEMP,Prone_Hold_EXP_M26,FPS_Prone_Hold_EXP_M26,Prone_Release_EXP_M26,FPS_Prone_Release_EXP_M26
Medical_Item_01,none,idle_stand_Medkit,FPS_aimIdle_standIdle_Deployable,idle_crouch_Medkit,FPS_aimIdle_standIdle_Medkit_01,idle_prone_Binoculars,FPS_aimIdle_standIdle_Medkit_01,aimshoot_standIdle_Binoculars,none,none,none,none,none,idle_prone_Binoculars,none,none,none,none,none,none,none,none,none,aimshoot_standIdle_Binoculars,FPS_aimshoot_standIdle_Binoculars,none,FPS_aimshoot_standIdle_Binoculars,none,FPS_aimshoot_crouch_Binoculars,none,FPS_aimshoot_prone_Binoculars,Run_Blend_Medkit,FPS_Run_Blend_Deployable,Sprint_Blend_Medkit,FPS_Sprint_Blend_Deployable,Crouch_Blend_Medkit,FPS_Crouch_Blend_Deployable,Prone_Blend_Binoculars,FPS_Prone_Blend_Binoculars,prone_to_stand_EXP_M26,none,Stand_to_Prone_EXP_M26,none,idle_crouch_EXP_M26,idle_crouch_EXP_M26,prone_to_crouch_EXP_M26,none,crouch_to_prone_EXP_M26,none,reload_crouchBlend_EXP_M26,none,Jump_ASR_Idle_S,Jump_ASR_Idle_A,Jump_ASR_Idle_F,Jump_ASR_Idle_L,Jump_Deployable_Run_S,Jump_Deployable_Run_A,Jump_Deployable_Run_F,Jump_Deployable_Run_L,Jump_Deployable_Sprint_S,Jump_Deployable_Sprint_A,Jump_Deployable_Sprint_F,Jump_Deployable_Sprint_L,none,FPS_aimShoot_crouch_Binoculars,none,none,Stand_Pull_EXP_M26,FPS_Stand_Pull_EXP_FlashEMP,Stand_Hold_EXP_M26,FPS_Stand_Hold_EXP_M26,Stand_Release_EXP_M26,FPS_Stand_Release_EXP_M26,Crouch_Pull_EXP_M26,FPS_Crouch_Pull_EXP_FlashEMP,Crouch_Hold_EXP_M26,FPS_Crouch_Hold_EXP_M26,Stand_Release_EXP_M26,FPS_Stand_Release_EXP_M26,Prone_Pull_EXP_M26,FPS_Prone_Pull_EXP_FlashEMP,Prone_Hold_EXP_M26,FPS_Prone_Hold_EXP_M26,Prone_Release_EXP_M26,FPS_Prone_Release_EXP_M26
SS_Barricade_Shield_Metal_01,none,idle_stand_Medkit,FPS_aimIdle_standIdle_Deployable,idle_crouch_Medkit,FPS_aimIdle_standIdle_Barricade_Shield_Metal_01,idle_prone_Binoculars,FPS_aimIdle_standIdle_Barricade_Shield_Metal_01,aimshoot_standIdle_Binoculars,none,none,none,none,none,idle_prone_Binoculars,none,none,none,none,none,none,none,none,none,aimshoot_standIdle_Binoculars,FPS_aimshoot_standIdle_Binoculars,none,FPS_aimshoot_standIdle_Binoculars,none,FPS_aimshoot_crouch_Binoculars,none,FPS_aimshoot_prone_Binoculars,Run_Blend_Medkit,FPS_Run_Blend_Deployable,Sprint_Blend_Medkit,FPS_Sprint_Blend_Deployable,Crouch_Blend_Medkit,FPS_Crouch_Blend_Deployable,Prone_Blend_Binoculars,FPS_Prone_Blend_Binoculars,prone_to_stand_EXP_M26,none,Stand_to_Prone_EXP_M26,none,idle_crouch_EXP_M26,idle_crouch_EXP_M26,prone_to_crouch_EXP_M26,none,crouch_to_prone_EXP_M26,none,reload_crouchBlend_EXP_M26,none,Jump_ASR_Idle_S,Jump_ASR_Idle_A,Jump_ASR_Idle_F,Jump_ASR_Idle_L,Jump_Deployable_Run_S,Jump_Deployable_Run_A,Jump_Deployable_Run_F,Jump_Deployable_Run_L,Jump_Deployable_Sprint_S,Jump_Deployable_Sprint_A,Jump_Deployable_Sprint_F,Jump_Deployable_Sprint_L,none,FPS_aimShoot_crouch_Binoculars,none,none,Stand_Pull_EXP_M26,FPS_Stand_Pull_EXP_FlashEMP,Stand_Hold_EXP_M26,FPS_Stand_Hold_EXP_M26,Stand_Release_EXP_M26,FPS_Stand_Release_EXP_M26,Crouch_Pull_EXP_M26,FPS_Crouch_Pull_EXP_FlashEMP,Crouch_Hold_EXP_M26,FPS_Crouch_Hold_EXP_M26,Stand_Release_EXP_M26,FPS_Stand_Release_EXP_M26,Prone_Pull_EXP_M26,FPS_Prone_Pull_EXP_FlashEMP,Prone_Hold_EXP_M26,FPS_Prone_Hold_EXP_M26,Prone_Release_EXP_M26,FPS_Prone_Release_EXP_M26
SS_Survival_Turret_MC_01,none,idle_stand_Medkit,FPS_aimIdle_standIdle_Deployable,idle_crouch_Medkit,FPS_aimIdle_standIdle_Barricade_Shield_Metal_01,idle_prone_Binoculars,FPS_aimIdle_standIdle_Barricade_Shield_Metal_01,aimshoot_standIdle_Binoculars,none,none,none,none,none,idle_prone_Binoculars,none,none,none,none,none,none,none,none,none,aimshoot_standIdle_Binoculars,FPS_aimshoot_standIdle_Binoculars,none,FPS_aimshoot_standIdle_Binoculars,none,FPS_aimshoot_crouch_Binoculars,none,FPS_aimshoot_prone_Binoculars,Run_Blend_Medkit,FPS_Run_Blend_Deployable,Sprint_Blend_Medkit,FPS_Sprint_Blend_Deployable,Crouch_Blend_Medkit,FPS_Crouch_Blend_Deployable,Prone_Blend_Binoculars,FPS_Prone_Blend_Binoculars,prone_to_stand_EXP_M26,none,Stand_to_Prone_EXP_M26,none,idle_crouch_EXP_M26,idle_crouch_EXP_M26,prone_to_crouch_EXP_M26,none,crouch_to_prone_EXP_M26,none,reload_crouchBlend_EXP_M26,none,Jump_ASR_Idle_S,Jump_ASR_Idle_A,Jump_ASR_Idle_F,Jump_ASR_Idle_L,Jump_Deployable_Run_S,Jump_Deployable_Run_A,Jump_Deployable_Run_F,Jump_Deployable_Run_L,Jump_Deployable_Sprint_S,Jump_Deployable_Sprint_A,Jump_Deployable_Sprint_F,Jump_Deployable_Sprint_L,none,FPS_aimShoot_crouch_Binoculars,none,none,Stand_Pull_EXP_M26,FPS_Stand_Pull_EXP_FlashEMP,Stand_Hold_EXP_M26,FPS_Stand_Hold_EXP_M26,Stand_Release_EXP_M26,FPS_Stand_Release_EXP_M26,Crouch_Pull_EXP_M26,FPS_Crouch_Pull_EXP_FlashEMP,Crouch_Hold_EXP_M26,FPS_Crouch_Hold_EXP_M26,Stand_Release_EXP_M26,FPS_Stand_Release_EXP_M26,Prone_Pull_EXP_M26,FPS_Prone_Pull_EXP_FlashEMP,Prone_Hold_EXP_M26,FPS_Prone_Hold_EXP_M26,Prone_Release_EXP_M26,FPS_Prone_Release_EXP_M26
SS_Survival_Turret_MG_01,none,idle_stand_Medkit,FPS_aimIdle_standIdle_Deployable,idle_crouch_Medkit,FPS_aimIdle_standIdle_Barricade_Shield_Metal_01,idle_prone_Binoculars,FPS_aimIdle_standIdle_Barricade_Shield_Metal_01,aimshoot_standIdle_Binoculars,none,none,none,none,none,idle_prone_Binoculars,none,none,none,none,none,none,none,none,none,aimshoot_standIdle_Binoculars,FPS_aimshoot_standIdle_Binoculars,none,FPS_aimshoot_standIdle_Binoculars,none,FPS_aimshoot_crouch_Binoculars,none,FPS_aimshoot_prone_Binoculars,Run_Blend_Medkit,FPS_Run_Blend_Deployable,Sprint_Blend_Medkit,FPS_Sprint_Blend_Deployable,Crouch_Blend_Medkit,FPS_Crouch_Blend_Deployable,Prone_Blend_Binoculars,FPS_Prone_Blend_Binoculars,prone_to_stand_EXP_M26,none,Stand_to_Prone_EXP_M26,none,idle_crouch_EXP_M26,idle_crouch_EXP_M26,prone_to_crouch_EXP_M26,none,crouch_to_prone_EXP_M26,none,reload_crouchBlend_EXP_M26,none,Jump_ASR_Idle_S,Jump_ASR_Idle_A,Jump_ASR_Idle_F,Jump_ASR_Idle_L,Jump_Deployable_Run_S,Jump_Deployable_Run_A,Jump_Deployable_Run_F,Jump_Deployable_Run_L,Jump_Deployable_Sprint_S,Jump_Deployable_Sprint_A,Jump_Deployable_Sprint_F,Jump_Deployable_Sprint_L,none,FPS_aimShoot_crouch_Binoculars,none,none,Stand_Pull_EXP_M26,FPS_Stand_Pull_EXP_FlashEMP,Stand_Hold_EXP_M26,FPS_Stand_Hold_EXP_M26,Stand_Release_EXP_M26,FPS_Stand_Release_EXP_M26,Crouch_Pull_EXP_M26,FPS_Crouch_Pull_EXP_FlashEMP,Crouch_Hold_EXP_M26,FPS_Crouch_Hold_EXP_M26,Stand_Release_EXP_M26,FPS_Stand_Release_EXP_M26,Prone_Pull_EXP_M26,FPS_Prone_Pull_EXP_FlashEMP,Prone_Hold_EXP_M26,FPS_Prone_Hold_EXP_M26,Prone_Release_EXP_M26,FPS_Prone_Release_EXP_M26
SS_Barricade_Shield_wood_01,none,idle_stand_Medkit,FPS_aimIdle_standIdle_Deployable,idle_crouch_Medkit,FPS_aimIdle_standIdle_Barricade_Shield_Wood_01,idle_prone_Binoculars,FPS_aimIdle_standIdle_Barricade_Shield_Wood_01,aimshoot_standIdle_Binoculars,none,none,none,none,none,idle_prone_Binoculars,none,none,none,none,none,none,none,none,none,aimshoot_standIdle_Binoculars,FPS_aimshoot_standIdle_Binoculars,none,FPS_aimshoot_standIdle_Binoculars,none,FPS_aimshoot_crouch_Binoculars,none,FPS_aimshoot_prone_Binoculars,Run_Blend_Medkit,FPS_Run_Blend_Deployable,Sprint_Blend_Medkit,FPS_Sprint_Blend_Deployable,Crouch_Blend_Medkit,FPS_Crouch_Blend_Deployable,Prone_Blend_Binoculars,FPS_Prone_Blend_Binoculars,prone_to_stand_EXP_M26,none,Stand_to_Prone_EXP_M26,none,idle_crouch_EXP_M26,idle_crouch_EXP_M26,prone_to_crouch_EXP_M26,none,crouch_to_prone_EXP_M26,none,reload_crouchBlend_EXP_M26,none,Jump_ASR_Idle_S,Jump_ASR_Idle_A,Jump_ASR_Idle_F,Jump_ASR_Idle_L,Jump_Deployable_Run_S,Jump_Deployable_Run_A,Jump_Deployable_Run_F,Jump_Deployable_Run_L,Jump_Deployable_Sprint_S,Jump_Deployable_Sprint_A,Jump_Deployable_Sprint_F,Jump_Deployable_Sprint_L,none,FPS_aimShoot_crouch_Binoculars,none,none,Stand_Pull_EXP_M26,FPS_Stand_Pull_EXP_FlashEMP,Stand_Hold_EXP_M26,FPS_Stand_Hold_EXP_M26,Stand_Release_EXP_M26,FPS_Stand_Release_EXP_M26,Crouch_Pull_EXP_M26,FPS_Crouch_Pull_EXP_FlashEMP,Crouch_Hold_EXP_M26,FPS_Crouch_Hold_EXP_M26,Stand_Release_EXP_M26,FPS_Stand_Release_EXP_M26,Prone_Pull_EXP_M26,FPS_Prone_Pull_EXP_FlashEMP,Prone_Hold_EXP_M26,FPS_Prone_Hold_EXP_M26,Prone_Release_EXP_M26,FPS_Prone_Release_EXP_M26
SS_Barricade_Barbwire,none,idle_stand_Medkit,FPS_aimIdle_standIdle_Deployable,idle_crouch_Medkit,FPS_aimIdle_standIdle_BarbWire_01,idle_prone_Binoculars,FPS_aimIdle_standIdle_BarbWire_01,aimshoot_standIdle_Binoculars,none,none,none,none,none,idle_prone_Binoculars,none,none,none,none,none,none,none,none,none,aimshoot_standIdle_Binoculars,FPS_aimshoot_standIdle_Binoculars,none,FPS_aimshoot_standIdle_Binoculars,none,FPS_aimshoot_crouch_Binoculars,none,FPS_aimshoot_prone_Binoculars,Run_Blend_Medkit,FPS_Run_Blend_Deployable,Sprint_Blend_Medkit,FPS_Sprint_Blend_Deployable,Crouch_Blend_Medkit,FPS_Crouch_Blend_Deployable,Prone_Blend_Binoculars,FPS_Prone_Blend_Binoculars,prone_to_stand_EXP_M26,none,Stand_to_Prone_EXP_M26,none,idle_crouch_EXP_M26,idle_crouch_EXP_M26,prone_to_crouch_EXP_M26,none,crouch_to_prone_EXP_M26,none,reload_crouchBlend_EXP_M26,none,Jump_ASR_Idle_S,Jump_ASR_Idle_A,Jump_ASR_Idle_F,Jump_ASR_Idle_L,Jump_Deployable_Run_S,Jump_Deployable_Run_A,Jump_Deployable_Run_F,Jump_Deployable_Run_L,Jump_Deployable_Sprint_S,Jump_Deployable_Sprint_A,Jump_Deployable_Sprint_F,Jump_Deployable_Sprint_L,none,FPS_aimShoot_crouch_Binoculars,none,none,Stand_Pull_EXP_M26,FPS_Stand_Pull_EXP_FlashEMP,Stand_Hold_EXP_M26,FPS_Stand_Hold_EXP_M26,Stand_Release_EXP_M26,FPS_Stand_Release_EXP_M26,Crouch_Pull_EXP_M26,FPS_Crouch_Pull_EXP_FlashEMP,Crouch_Hold_EXP_M26,FPS_Crouch_Hold_EXP_M26,Stand_Release_EXP_M26,FPS_Stand_Release_EXP_M26,Prone_Pull_EXP_M26,FPS_Prone_Pull_EXP_FlashEMP,Prone_Hold_EXP_M26,FPS_Prone_Hold_EXP_M26,Prone_Release_EXP_M26,FPS_Prone_Release_EXP_M26
SS_Barricade_Barbwire_02,none,idle_stand_Medkit,FPS_aimIdle_standIdle_Deployable,idle_crouch_Medkit,FPS_aimIdle_standIdle_BarbWire_01,idle_prone_Binoculars,FPS_aimIdle_standIdle_BarbWire_01,aimshoot_standIdle_Binoculars,none,none,none,none,none,idle_prone_Binoculars,none,none,none,none,none,none,none,none,none,aimshoot_standIdle_Binoculars,FPS_aimshoot_standIdle_Binoculars,none,FPS_aimshoot_standIdle_Binoculars,none,FPS_aimshoot_crouch_Binoculars,none,FPS_aimshoot_prone_Binoculars,Run_Blend_Medkit,FPS_Run_Blend_Deployable,Sprint_Blend_Medkit,FPS_Sprint_Blend_Deployable,Crouch_Blend_Medkit,FPS_Crouch_Blend_Deployable,Prone_Blend_Binoculars,FPS_Prone_Blend_Binoculars,prone_to_stand_EXP_M26,none,Stand_to_Prone_EXP_M26,none,idle_crouch_EXP_M26,idle_crouch_EXP_M26,prone_to_crouch_EXP_M26,none,crouch_to_prone_EXP_M26,none,reload_crouchBlend_EXP_M26,none,Jump_ASR_Idle_S,Jump_ASR_Idle_A,Jump_ASR_Idle_F,Jump_ASR_Idle_L,Jump_Deployable_Run_S,Jump_Deployable_Run_A,Jump_Deployable_Run_F,Jump_Deployable_Run_L,Jump_Deployable_Sprint_S,Jump_Deployable_Sprint_A,Jump_Deployable_Sprint_F,Jump_Deployable_Sprint_L,none,FPS_aimShoot_crouch_Binoculars,none,none,Stand_Pull_EXP_M26,FPS_Stand_Pull_EXP_FlashEMP,Stand_Hold_EXP_M26,FPS_Stand_Hold_EXP_M26,Stand_Release_EXP_M26,FPS_Stand_Release_EXP_M26,Crouch_Pull_EXP_M26,FPS_Crouch_Pull_EXP_FlashEMP,Crouch_Hold_EXP_M26,FPS_Crouch_Hold_EXP_M26,Stand_Release_EXP_M26,FPS_Stand_Release_EXP_M26,Prone_Pull_EXP_M26,FPS_Prone_Pull_EXP_FlashEMP,Prone_Hold_EXP_M26,FPS_Prone_Hold_EXP_M26,Prone_Release_EXP_M26,FPS_Prone_Release_EXP_M26
SS_Survival_Campfire_01,none,idle_stand_Medkit,FPS_aimIdle_standIdle_Deployable,idle_crouch_Medkit,FPS_aimIdle_standIdle_Barricade_CampFire_01,idle_prone_Binoculars,FPS_aimIdle_standIdle_Barricade_CampFire_01,aimshoot_standIdle_Binoculars,none,none,none,none,none,idle_prone_Binoculars,none,none,none,none,none,none,none,none,none,aimshoot_standIdle_Binoculars,FPS_aimshoot_standIdle_Binoculars,none,FPS_aimshoot_standIdle_Binoculars,none,FPS_aimshoot_crouch_Binoculars,none,FPS_aimshoot_prone_Binoculars,Run_Blend_Medkit,FPS_Run_Blend_Deployable,Sprint_Blend_Medkit,FPS_Sprint_Blend_Deployable,Crouch_Blend_Medkit,FPS_Crouch_Blend_Deployable,Prone_Blend_Binoculars,FPS_Prone_Blend_Binoculars,prone_to_stand_EXP_M26,none,Stand_to_Prone_EXP_M26,none,idle_crouch_EXP_M26,idle_crouch_EXP_M26,prone_to_crouch_EXP_M26,none,crouch_to_prone_EXP_M26,none,reload_crouchBlend_EXP_M26,none,Jump_ASR_Idle_S,Jump_ASR_Idle_A,Jump_ASR_Idle_F,Jump_ASR_Idle_L,Jump_Deployable_Run_S,Jump_Deployable_Run_A,Jump_Deployable_Run_F,Jump_Deployable_Run_L,Jump_Deployable_Sprint_S,Jump_Deployable_Sprint_A,Jump_Deployable_Sprint_F,Jump_Deployable_Sprint_L,none,FPS_aimShoot_crouch_Binoculars,none,none,Stand_Pull_EXP_M26,FPS_Stand_Pull_EXP_FlashEMP,Stand_Hold_EXP_M26,FPS_Stand_Hold_EXP_M26,Stand_Release_EXP_M26,FPS_Stand_Release_EXP_M26,Crouch_Pull_EXP_M26,FPS_Crouch_Pull_EXP_FlashEMP,Crouch_Hold_EXP_M26,FPS_Crouch_Hold_EXP_M26,Stand_Release_EXP_M26,FPS_Stand_Release_EXP_M26,Prone_Pull_EXP_M26,FPS_Prone_Pull_EXP_FlashEMP,Prone_Hold_EXP_M26,FPS_Prone_Hold_EXP_M26,Prone_Release_EXP_M26,FPS_Prone_Release_EXP_M26
SS_Survival_Spike_trap,none,idle_stand_Medkit,FPS_aimIdle_standIdle_Deployable,idle_crouch_Medkit,FPS_aimIdle_standIdle_Spike_Trap_01,idle_prone_Binoculars,FPS_aimIdle_standIdle_Spike_Trap_01,aimshoot_standIdle_Binoculars,none,none,none,none,none,idle_prone_Binoculars,none,none,none,none,none,none,none,none,none,aimshoot_standIdle_Binoculars,FPS_aimshoot_standIdle_Binoculars,none,FPS_aimshoot_standIdle_Binoculars,none,FPS_aimshoot_crouch_Binoculars,none,FPS_aimshoot_prone_Binoculars,Run_Blend_Medkit,FPS_Run_Blend_Deployable,Sprint_Blend_Medkit,FPS_Sprint_Blend_Deployable,Crouch_Blend_Medkit,FPS_Crouch_Blend_Deployable,Prone_Blend_Binoculars,FPS_Prone_Blend_Binoculars,prone_to_stand_EXP_M26,none,Stand_to_Prone_EXP_M26,none,idle_crouch_EXP_M26,idle_crouch_EXP_M26,prone_to_crouch_EXP_M26,none,crouch_to_prone_EXP_M26,none,reload_crouchBlend_EXP_M26,none,Jump_ASR_Idle_S,Jump_ASR_Idle_A,Jump_ASR_Idle_F,Jump_ASR_Idle_L,Jump_Deployable_Run_S,Jump_Deployable_Run_A,Jump_Deployable_Run_F,Jump_Deployable_Run_L,Jump_Deployable_Sprint_S,Jump_Deployable_Sprint_A,Jump_Deployable_Sprint_F,Jump_Deployable_Sprint_L,none,FPS_aimShoot_crouch_Binoculars,none,none,Stand_Pull_EXP_M26,FPS_Stand_Pull_EXP_FlashEMP,Stand_Hold_EXP_M26,FPS_Stand_Hold_EXP_M26,Stand_Release_EXP_M26,FPS_Stand_Release_EXP_M26,Crouch_Pull_EXP_M26,FPS_Crouch_Pull_EXP_FlashEMP,Crouch_Hold_EXP_M26,FPS_Crouch_Hold_EXP_M26,Stand_Release_EXP_M26,FPS_Stand_Release_EXP_M26,Prone_Pull_EXP_M26,FPS_Prone_Pull_EXP_FlashEMP,Prone_Hold_EXP_M26,FPS_Prone_Hold_EXP_M26,Prone_Release_EXP_M26,FPS_Prone_Release_EXP_M26
SS_Barricade_Concrete_01,none,idle_stand_Medkit,FPS_aimIdle_standIdle_Deployable,idle_crouch_Medkit,FPS_aimIdle_standIdle_Barricade_Shield_Metal_01,idle_prone_Binoculars,FPS_aimIdle_standIdle_Barricade_Shield_Metal_01,aimshoot_standIdle_Binoculars,none,none,none,none,none,idle_prone_Binoculars,none,none,none,none,none,none,none,none,none,aimshoot_standIdle_Binoculars,FPS_aimshoot_standIdle_Binoculars,none,FPS_aimshoot_standIdle_Binoculars,none,FPS_aimshoot_crouch_Binoculars,none,FPS_aimshoot_prone_Binoculars,Run_Blend_Medkit,FPS_Run_Blend_Deployable,Sprint_Blend_Medkit,FPS_Sprint_Blend_Deployable,Crouch_Blend_Medkit,FPS_Crouch_Blend_Deployable,Prone_Blend_Binoculars,FPS_Prone_Blend_Binoculars,prone_to_stand_EXP_M26,none,Stand_to_Prone_EXP_M26,none,idle_crouch_EXP_M26,idle_crouch_EXP_M26,prone_to_crouch_EXP_M26,none,crouch_to_prone_EXP_M26,none,reload_crouchBlend_EXP_M26,none,Jump_ASR_Idle_S,Jump_ASR_Idle_A,Jump_ASR_Idle_F,Jump_ASR_Idle_L,Jump_Deployable_Run_S,Jump_Deployable_Run_A,Jump_Deployable_Run_F,Jump_Deployable_Run_L,Jump_Deployable_Sprint_S,Jump_Deployable_Sprint_A,Jump_Deployable_Sprint_F,Jump_Deployable_Sprint_L,none,FPS_aimShoot_crouch_Binoculars,none,none,Stand_Pull_EXP_M26,FPS_Stand_Pull_EXP_FlashEMP,Stand_Hold_EXP_M26,FPS_Stand_Hold_EXP_M26,Stand_Release_EXP_M26,FPS_Stand_Release_EXP_M26,Crouch_Pull_EXP_M26,FPS_Crouch_Pull_EXP_FlashEMP,Crouch_Hold_EXP_M26,FPS_Crouch_Hold_EXP_M26,Stand_Release_EXP_M26,FPS_Stand_Release_EXP_M26,Prone_Pull_EXP_M26,FPS_Prone_Pull_EXP_FlashEMP,Prone_Hold_EXP_M26,FPS_Prone_Hold_EXP_M26,Prone_Release_EXP_M26,FPS_Prone_Release_EXP_M26
SS_Barricade_Fencewall_01,none,idle_stand_Medkit,FPS_aimIdle_standIdle_Deployable,idle_crouch_Medkit,FPS_aimIdle_standIdle_Barricade_Shield_Metal_01,idle_prone_Binoculars,FPS_aimIdle_standIdle_Barricade_Shield_Metal_01,aimshoot_standIdle_Binoculars,none,none,none,none,none,idle_prone_Binoculars,none,none,none,none,none,none,none,none,none,aimshoot_standIdle_Binoculars,FPS_aimshoot_standIdle_Binoculars,none,FPS_aimshoot_standIdle_Binoculars,none,FPS_aimshoot_crouch_Binoculars,none,FPS_aimshoot_prone_Binoculars,Run_Blend_Medkit,FPS_Run_Blend_Deployable,Sprint_Blend_Medkit,FPS_Sprint_Blend_Deployable,Crouch_Blend_Medkit,FPS_Crouch_Blend_Deployable,Prone_Blend_Binoculars,FPS_Prone_Blend_Binoculars,prone_to_stand_EXP_M26,none,Stand_to_Prone_EXP_M26,none,idle_crouch_EXP_M26,idle_crouch_EXP_M26,prone_to_crouch_EXP_M26,none,crouch_to_prone_EXP_M26,none,reload_crouchBlend_EXP_M26,none,Jump_ASR_Idle_S,Jump_ASR_Idle_A,Jump_ASR_Idle_F,Jump_ASR_Idle_L,Jump_Deployable_Run_S,Jump_Deployable_Run_A,Jump_Deployable_Run_F,Jump_Deployable_Run_L,Jump_Deployable_Sprint_S,Jump_Deployable_Sprint_A,Jump_Deployable_Sprint_F,Jump_Deployable_Sprint_L,none,FPS_aimShoot_crouch_Binoculars,none,none,Stand_Pull_EXP_M26,FPS_Stand_Pull_EXP_FlashEMP,Stand_Hold_EXP_M26,FPS_Stand_Hold_EXP_M26,Stand_Release_EXP_M26,FPS_Stand_Release_EXP_M26,Crouch_Pull_EXP_M26,FPS_Crouch_Pull_EXP_FlashEMP,Crouch_Hold_EXP_M26,FPS_Crouch_Hold_EXP_M26,Stand_Release_EXP_M26,FPS_Stand_Release_EXP_M26,Prone_Pull_EXP_M26,FPS_Prone_Pull_EXP_FlashEMP,Prone_Hold_EXP_M26,FPS_Prone_Hold_EXP_M26,Prone_Release_EXP_M26,FPS_Prone_Release_EXP_M26
SS_Barricade_MetalWood_01,none,idle_stand_Medkit,FPS_aimIdle_standIdle_Deployable,idle_crouch_Medkit,FPS_aimIdle_standIdle_Barricade_Shield_Metal_01,idle_prone_Binoculars,FPS_aimIdle_standIdle_Barricade_Shield_Metal_01,aimshoot_standIdle_Binoculars,none,none,none,none,none,idle_prone_Binoculars,none,none,none,none,none,none,none,none,none,aimshoot_standIdle_Binoculars,FPS_aimshoot_standIdle_Binoculars,none,FPS_aimshoot_standIdle_Binoculars,none,FPS_aimshoot_crouch_Binoculars,none,FPS_aimshoot_prone_Binoculars,Run_Blend_Medkit,FPS_Run_Blend_Deployable,Sprint_Blend_Medkit,FPS_Sprint_Blend_Deployable,Crouch_Blend_Medkit,FPS_Crouch_Blend_Deployable,Prone_Blend_Binoculars,FPS_Prone_Blend_Binoculars,prone_to_stand_EXP_M26,none,Stand_to_Prone_EXP_M26,none,idle_crouch_EXP_M26,idle_crouch_EXP_M26,prone_to_crouch_EXP_M26,none,crouch_to_prone_EXP_M26,none,reload_crouchBlend_EXP_M26,none,Jump_ASR_Idle_S,Jump_ASR_Idle_A,Jump_ASR_Idle_F,Jump_ASR_Idle_L,Jump_Deployable_Run_S,Jump_Deployable_Run_A,Jump_Deployable_Run_F,Jump_Deployable_Run_L,Jump_Deployable_Sprint_S,Jump_Deployable_Sprint_A,Jump_Deployable_Sprint_F,Jump_Deployable_Sprint_L,none,FPS_aimShoot_crouch_Binoculars,none,none,Stand_Pull_EXP_M26,FPS_Stand_Pull_EXP_FlashEMP,Stand_Hold_EXP_M26,FPS_Stand_Hold_EXP_M26,Stand_Release_EXP_M26,FPS_Stand_Release_EXP_M26,Crouch_Pull_EXP_M26,FPS_Crouch_Pull_EXP_FlashEMP,Crouch_Hold_EXP_M26,FPS_Crouch_Hold_EXP_M26,Stand_Release_EXP_M26,FPS_Stand_Release_EXP_M26,Prone_Pull_EXP_M26,FPS_Prone_Pull_EXP_FlashEMP,Prone_Hold_EXP_M26,FPS_Prone_Hold_EXP_M26,Prone_Release_EXP_M26,FPS_Prone_Release_EXP_M26
SS_Barricade_WoodWall_01,none,idle_stand_Medkit,FPS_aimIdle_standIdle_Deployable,idle_crouch_Medkit,FPS_aimIdle_standIdle_Barricade_Shield_Metal_01,idle_prone_Binoculars,FPS_aimIdle_standIdle_Barricade_Shield_Metal_01,aimshoot_standIdle_Binoculars,none,none,none,none,none,idle_prone_Binoculars,none,none,none,none,none,none,none,none,none,aimshoot_standIdle_Binoculars,FPS_aimshoot_standIdle_Binoculars,none,FPS_aimshoot_standIdle_Binoculars,none,FPS_aimshoot_crouch_Binoculars,none,FPS_aimshoot_prone_Binoculars,Run_Blend_Medkit,FPS_Run_Blend_Deployable,Sprint_Blend_Medkit,FPS_Sprint_Blend_Deployable,Crouch_Blend_Medkit,FPS_Crouch_Blend_Deployable,Prone_Blend_Binoculars,FPS_Prone_Blend_Binoculars,prone_to_stand_EXP_M26,none,Stand_to_Prone_EXP_M26,none,idle_crouch_EXP_M26,idle_crouch_EXP_M26,prone_to_crouch_EXP_M26,none,crouch_to_prone_EXP_M26,none,reload_crouchBlend_EXP_M26,none,Jump_ASR_Idle_S,Jump_ASR_Idle_A,Jump_ASR_Idle_F,Jump_ASR_Idle_L,Jump_Deployable_Run_S,Jump_Deployable_Run_A,Jump_Deployable_Run_F,Jump_Deployable_Run_L,Jump_Deployable_Sprint_S,Jump_Deployable_Sprint_A,Jump_Deployable_Sprint_F,Jump_Deployable_Sprint_L,none,FPS_aimShoot_crouch_Binoculars,none,none,Stand_Pull_EXP_M26,FPS_Stand_Pull_EXP_FlashEMP,Stand_Hold_EXP_M26,FPS_Stand_Hold_EXP_M26,Stand_Release_EXP_M26,FPS_Stand_Release_EXP_M26,Crouch_Pull_EXP_M26,FPS_Crouch_Pull_EXP_FlashEMP,Crouch_Hold_EXP_M26,FPS_Crouch_Hold_EXP_M26,Stand_Release_EXP_M26,FPS_Stand_Release_EXP_M26,Prone_Pull_EXP_M26,FPS_Prone_Pull_EXP_FlashEMP,Prone_Hold_EXP_M26,FPS_Prone_Hold_EXP_M26,Prone_Release_EXP_M26,FPS_Prone_Release_EXP_M26
SS_Barricade_MetalWood_01_Spike,none,idle_stand_Medkit,FPS_aimIdle_standIdle_Deployable,idle_crouch_Medkit,FPS_aimIdle_standIdle_Barricade_Shield_Metal_01,idle_prone_Binoculars,FPS_aimIdle_standIdle_Barricade_Shield_Metal_01,aimshoot_standIdle_Binoculars,none,none,none,none,none,idle_prone_Binoculars,none,none,none,none,none,none,none,none,none,aimshoot_standIdle_Binoculars,FPS_aimshoot_standIdle_Binoculars,none,FPS_aimshoot_standIdle_Binoculars,none,FPS_aimshoot_crouch_Binoculars,none,FPS_aimshoot_prone_Binoculars,Run_Blend_Medkit,FPS_Run_Blend_Deployable,Sprint_Blend_Medkit,FPS_Sprint_Blend_Deployable,Crouch_Blend_Medkit,FPS_Crouch_Blend_Deployable,Prone_Blend_Binoculars,FPS_Prone_Blend_Binoculars,prone_to_stand_EXP_M26,none,Stand_to_Prone_EXP_M26,none,idle_crouch_EXP_M26,idle_crouch_EXP_M26,prone_to_crouch_EXP_M26,none,crouch_to_prone_EXP_M26,none,reload_crouchBlend_EXP_M26,none,Jump_ASR_Idle_S,Jump_ASR_Idle_A,Jump_ASR_Idle_F,Jump_ASR_Idle_L,Jump_Deployable_Run_S,Jump_Deployable_Run_A,Jump_Deployable_Run_F,Jump_Deployable_Run_L,Jump_Deployable_Sprint_S,Jump_Deployable_Sprint_A,Jump_Deployable_Sprint_F,Jump_Deployable_Sprint_L,none,FPS_aimShoot_crouch_Binoculars,none,none,Stand_Pull_EXP_M26,FPS_Stand_Pull_EXP_FlashEMP,Stand_Hold_EXP_M26,FPS_Stand_Hold_EXP_M26,Stand_Release_EXP_M26,FPS_Stand_Release_EXP_M26,Crouch_Pull_EXP_M26,FPS_Crouch_Pull_EXP_FlashEMP,Crouch_Hold_EXP_M26,FPS_Crouch_Hold_EXP_M26,Stand_Release_EXP_M26,FPS_Stand_Release_EXP_M26,Prone_Pull_EXP_M26,FPS_Prone_Pull_EXP_FlashEMP,Prone_Hold_EXP_M26,FPS_Prone_Hold_EXP_M26,Prone_Release_EXP_M26,FPS_Prone_Release_EXP_M26
,,,,,,,,,,,,,,,,,,,,,,,,,,,,,,,,,,,,,,,,,,,,,,,,,,,,,,,,,,,,,,,,,,,,,,,,,,,,,,,,,,,,,
Item_Binocular,none,idle_stand_Binocular,FPS_aimIdle_standIdle_Binoculars,idle_crouch_Binoculars,FPS_aimIdle_crouch_Binoculars,idle_prone_EXP_M26,FPS_aimIdle_prone_EXP_FlashEMP,aimIdle_standIdle_Binoculars,none,none,none,idle_crouch_EXP_M26,none,idle_prone_EXP_M26,none,reload_stand_EXP_M26,FPS_reload_standIdle_EXP_FlashEMP,reload_runBlend_EXP_M26,FPS_reload_standIdle_EXP_FlashEMP,reload_crouch_EXP_M26,FPS_reload_crouch_EXP_FlashEMP,reload_prone_EXP_M26,FPS_reload_prone_EXP_FlashEMP,none,none,none,none,none,none,none,none,Run_Blend_Binoculars,FPS_Run_Blend_Binoculars,Sprint_Blend_Binoculars,FPS_Sprint_Blend_Binoculars,Crouch_Blend_Binoculars,FPS_Crouch_Blend_Binoculars,Prone_Blend_MEL_Hands,FPS_Prone_Blend_MEL_Hands,prone_to_stand_EXP_M26,none,Stand_to_Prone_EXP_M26,none,Crouch_Blend_EXP_M26,idle_crouch_EXP_M26,prone_to_crouch_EXP_M26,none,crouch_to_prone_EXP_M26,none,reload_crouchBlend_EXP_M26,aimshoot_standIdle_M26,Jump_ASR_Idle_S,Jump_ASR_Idle_A,Jump_ASR_Idle_F,Jump_ASR_Idle_L,Jump_ASR_Run_S,Jump_ASR_Run_A,Jump_ASR_Run_F,Jump_ASR_Run_L,Jump_ASR_Sprint_S,Jump_ASR_Sprint_A,Jump_ASR_Sprint_F,Jump_ASR_Sprint_L,none,none,none,none,Stand_Pull_EXP_M26,FPS_Stand_Pull_EXP_FlashEMP,Stand_Hold_EXP_M26,FPS_Stand_Hold_EXP_M26,Stand_Release_EXP_M26,FPS_Stand_Release_EXP_M26,Crouch_Pull_EXP_M26,FPS_Crouch_Pull_EXP_FlashEMP,Crouch_Hold_EXP_M26,FPS_Crouch_Hold_EXP_M26,Stand_Release_EXP_M26,FPS_Stand_Release_EXP_M26,Prone_Pull_EXP_M26,FPS_Prone_Pull_EXP_FlashEMP,Prone_Hold_EXP_M26,FPS_Prone_Hold_EXP_M26,Prone_Release_EXP_M26,FPS_Prone_Release_EXP_M26
EXP_Flashbang,none,idle_stand_EXP_M26,FPS_aimIdle_standIdle_EXP_FlashEMP,idle_crouch_EXP_M26,FPS_aimIdle_crouch_EXP_FlashEMP,idle_prone_EXP_M26,FPS_aimIdle_prone_EXP_FlashEMP,idle_stand_EXP_M26,none,none,none,idle_crouch_EXP_M26,none,idle_prone_EXP_M26,none,reload_stand_EXP_M26,FPS_reload_standIdle_EXP_FlashEMP,reload_runBlend_EXP_M26,FPS_reload_standIdle_EXP_FlashEMP,reload_crouch_EXP_M26,FPS_reload_crouch_EXP_FlashEMP,reload_prone_EXP_M26,FPS_reload_prone_EXP_FlashEMP,none,none,none,none,none,none,none,none,Run_Blend_EXP_M26,FPS_Run_Blend_EXP_FlashEMP,Sprint_Blend_EXP_M26,FPS_Sprint_Blend_EXP_FlashEMP,Crouch_Blend_EXP_M26,FPS_Crouch_Blend_EXP_FlashEMP,Prone_Blend_MEL_Hands,FPS_Prone_Blend_MEL_Hands,prone_to_stand_EXP_M26,none,Stand_to_Prone_EXP_M26,none,Crouch_Blend_EXP_M26,idle_crouch_EXP_M26,prone_to_crouch_EXP_M26,none,crouch_to_prone_EXP_M26,none,reload_crouchBlend_EXP_M26,aimshoot_standIdle_M26,Jump_ASR_Idle_S,Jump_ASR_Idle_A,Jump_ASR_Idle_F,Jump_ASR_Idle_L,Jump_ASR_Run_S,Jump_ASR_Run_A,Jump_ASR_Run_F,Jump_ASR_Run_L,Jump_ASR_Sprint_S,Jump_ASR_Sprint_A,Jump_ASR_Sprint_F,Jump_ASR_Sprint_L,none,none,none,none,Stand_Pull_EXP_M26,FPS_Stand_Pull_EXP_FlashEMP,Stand_Hold_EXP_M26,FPS_Stand_Hold_EXP_M26,Stand_Release_EXP_M26,FPS_Stand_Release_EXP_M26,Crouch_Pull_EXP_M26,FPS_Crouch_Pull_EXP_FlashEMP,Crouch_Hold_EXP_M26,FPS_Crouch_Hold_EXP_M26,Stand_Release_EXP_M26,FPS_Stand_Release_EXP_M26,Prone_Pull_EXP_M26,FPS_Prone_Pull_EXP_FlashEMP,Prone_Hold_EXP_M26,FPS_Prone_Hold_EXP_M26,Prone_Release_EXP_M26,FPS_Prone_Release_EXP_M26
EXP_ALIEN1,none,idle_stand_EXP_M26,FPS_aimIdle_standIdle_EXP_FlashEMP,idle_crouch_EXP_M26,FPS_aimIdle_crouch_EXP_FlashEMP,idle_prone_EXP_M26,FPS_aimIdle_prone_EXP_FlashEMP,idle_stand_EXP_M26,none,none,none,idle_crouch_EXP_M26,none,idle_prone_EXP_M26,none,reload_stand_EXP_M26,FPS_reload_standIdle_EXP_FlashEMP,reload_runBlend_EXP_M26,FPS_reload_standIdle_EXP_FlashEMP,reload_crouch_EXP_M26,FPS_reload_crouch_EXP_FlashEMP,reload_prone_EXP_M26,FPS_reload_prone_EXP_FlashEMP,none,none,none,none,none,none,none,none,Run_Blend_EXP_M26,FPS_Run_Blend_EXP_FlashEMP,Sprint_Blend_EXP_M26,FPS_Sprint_Blend_EXP_FlashEMP,Crouch_Blend_EXP_M26,FPS_Crouch_Blend_EXP_FlashEMP,Prone_Blend_MEL_Hands,FPS_Prone_Blend_MEL_Hands,prone_to_stand_EXP_M26,none,Stand_to_Prone_EXP_M26,none,Crouch_Blend_EXP_M26,idle_prone_EXP_M26,prone_to_crouch_EXP_M26,none,crouch_to_prone_EXP_M26,none,reload_crouchBlend_EXP_M26,aimshoot_standIdle_M26,Jump_ASR_Idle_S,Jump_ASR_Idle_A,Jump_ASR_Idle_F,Jump_ASR_Idle_L,Jump_ASR_Run_S,Jump_ASR_Run_A,Jump_ASR_Run_F,Jump_ASR_Run_L,Jump_ASR_Sprint_S,Jump_ASR_Sprint_A,Jump_ASR_Sprint_F,Jump_ASR_Sprint_L,none,none,none,none,Stand_Pull_EXP_M26,FPS_Stand_Pull_EXP_FlashEMP,Stand_Hold_EXP_M26,FPS_Stand_Hold_EXP_M26,Stand_Release_EXP_M26,FPS_Stand_Release_EXP_M26,Crouch_Pull_EXP_M26,FPS_Crouch_Pull_EXP_FlashEMP,Crouch_Hold_EXP_M26,FPS_Crouch_Hold_EXP_M26,Stand_Release_EXP_M26,FPS_Stand_Release_EXP_M26,Prone_Pull_EXP_M26,FPS_Prone_Pull_EXP_FlashEMP,Prone_Hold_EXP_M26,FPS_Prone_Hold_EXP_M26,Prone_Release_EXP_M26,FPS_Prone_Release_EXP_M26
EXP_ALIEN2,none,idle_stand_EXP_M26,FPS_aimIdle_standIdle_EXP_FlashEMP,idle_crouch_EXP_M26,FPS_aimIdle_crouch_EXP_FlashEMP,idle_prone_EXP_M26,FPS_aimIdle_prone_EXP_FlashEMP,idle_stand_EXP_M26,none,none,none,idle_crouch_EXP_M26,none,idle_prone_EXP_M26,none,reload_stand_EXP_M26,FPS_reload_standIdle_EXP_FlashEMP,reload_runBlend_EXP_M26,FPS_reload_standIdle_EXP_FlashEMP,reload_crouch_EXP_M26,FPS_reload_crouch_EXP_FlashEMP,reload_prone_EXP_M26,FPS_reload_prone_EXP_FlashEMP,none,none,none,none,none,none,none,none,Run_Blend_EXP_M26,FPS_Run_Blend_EXP_FlashEMP,Sprint_Blend_EXP_M26,FPS_Sprint_Blend_EXP_FlashEMP,Crouch_Blend_EXP_M26,FPS_Crouch_Blend_EXP_FlashEMP,Prone_Blend_MEL_Hands,FPS_Prone_Blend_MEL_Hands,prone_to_stand_EXP_M26,none,Stand_to_Prone_EXP_M26,none,Crouch_Blend_EXP_M26,idle_crouch_EXP_M26,prone_to_crouch_EXP_M26,none,crouch_to_prone_EXP_M26,none,reload_crouchBlend_EXP_M26,aimshoot_standIdle_M26,Jump_ASR_Idle_S,Jump_ASR_Idle_A,Jump_ASR_Idle_F,Jump_ASR_Idle_L,Jump_ASR_Run_S,Jump_ASR_Run_A,Jump_ASR_Run_F,Jump_ASR_Run_L,Jump_ASR_Sprint_S,Jump_ASR_Sprint_A,Jump_ASR_Sprint_F,Jump_ASR_Sprint_L,none,none,none,none,Stand_Pull_EXP_M26,FPS_Stand_Pull_EXP_FlashEMP,Stand_Hold_EXP_M26,FPS_Stand_Hold_EXP_M26,Stand_Release_EXP_M26,FPS_Stand_Release_EXP_M26,Crouch_Pull_EXP_M26,FPS_Crouch_Pull_EXP_FlashEMP,Crouch_Hold_EXP_M26,FPS_Crouch_Hold_EXP_M26,Stand_Release_EXP_M26,FPS_Stand_Release_EXP_M26,Prone_Pull_EXP_M26,FPS_Prone_Pull_EXP_FlashEMP,Prone_Hold_EXP_M26,FPS_Prone_Hold_EXP_M26,Prone_Release_EXP_M26,FPS_Prone_Release_EXP_M26
EXP_Smoke,none,idle_stand_EXP_M26,FPS_aimIdle_standIdle_EXP_SmokeFrag,idle_crouch_EXP_M26,FPS_aimIdle_crouch_EXP_SmokeFrag,idle_prone_EXP_M26,FPS_aimIdle_prone_EXP_SmokeFrag,idle_stand_EXP_M26,none,none,none,idle_crouch_EXP_M26,none,idle_prone_EXP_M26,none,reload_stand_EXP_M26,FPS_reload_standIdle_EXP_SmokeFrag,reload_runBlend_EXP_M26,FPS_reload_standIdle_EXP_SmokeFrag,reload_crouch_EXP_M26,FPS_reload_crouch_EXP_SmokeFrag,reload_prone_EXP_M26,FPS_reload_prone_EXP_SmokeFrag,none,none,none,none,none,none,none,none,Run_Blend_EXP_M26,FPS_Run_Blend_EXP_SmokeFrag,Sprint_Blend_EXP_M26,FPS_Sprint_Blend_EXP_SmokeFrag,Crouch_Blend_EXP_M26,FPS_Crouch_Blend_EXP_SmokeFrag,Prone_Blend_MEL_Hands,FPS_Prone_Blend_MEL_Hands,prone_to_stand_EXP_M26,none,Stand_to_Prone_EXP_M26,none,Crouch_Blend_EXP_M26,idle_crouch_EXP_M26,prone_to_crouch_EXP_M26,none,crouch_to_prone_EXP_M26,none,reload_crouchBlend_EXP_M26,aimshoot_standIdle_M26,Jump_ASR_Idle_S,Jump_ASR_Idle_A,Jump_ASR_Idle_F,Jump_ASR_Idle_L,Jump_ASR_Run_S,Jump_ASR_Run_A,Jump_ASR_Run_F,Jump_ASR_Run_L,Jump_ASR_Sprint_S,Jump_ASR_Sprint_A,Jump_ASR_Sprint_F,Jump_ASR_Sprint_L,none,none,none,none,Stand_Pull_EXP_M26,FPS_Stand_Pull_EXP_SmokeFrag,Stand_Hold_EXP_M26,FPS_Stand_Hold_EXP_M26,Stand_Release_EXP_M26,FPS_Stand_Release_EXP_M26,Crouch_Pull_EXP_M26,FPS_Crouch_Pull_EXP_SmokeFrag,Crouch_Hold_EXP_M26,FPS_Crouch_Hold_EXP_M26,Stand_Release_EXP_M26,FPS_Stand_Release_EXP_M26,Prone_Pull_EXP_M26,FPS_Prone_Pull_EXP_SmokeFrag,Prone_Hold_EXP_M26,FPS_Prone_Hold_EXP_M26,Prone_Release_EXP_M26,FPS_Prone_Release_EXP_M26
EXP_Frag,none,idle_stand_EXP_M26,FPS_aimIdle_standIdle_EXP_SmokeFrag,idle_crouch_EXP_M26,FPS_aimIdle_crouch_EXP_SmokeFrag,idle_prone_EXP_M26,FPS_aimIdle_prone_EXP_SmokeFrag,idle_stand_EXP_M26,none,none,none,idle_crouch_EXP_M26,none,idle_prone_EXP_M26,none,reload_stand_EXP_M26,FPS_reload_standIdle_EXP_SmokeFrag,reload_runBlend_EXP_M26,FPS_reload_standIdle_EXP_SmokeFrag,reload_crouch_EXP_M26,FPS_reload_crouch_EXP_SmokeFrag,reload_prone_EXP_M26,FPS_reload_prone_EXP_SmokeFrag,none,none,none,none,none,none,none,none,Run_Blend_EXP_M26,FPS_Run_Blend_EXP_SmokeFrag,Sprint_Blend_EXP_M26,FPS_Sprint_Blend_EXP_SmokeFrag,Crouch_Blend_EXP_M26,FPS_Crouch_Blend_EXP_SmokeFrag,Prone_Blend_MEL_Hands,FPS_Prone_Blend_MEL_Hands,prone_to_stand_EXP_M26,none,Stand_to_Prone_EXP_M26,none,Crouch_Blend_EXP_M26,idle_crouch_EXP_M26,prone_to_crouch_EXP_M26,none,crouch_to_prone_EXP_M26,none,reload_crouchBlend_EXP_M26,aimshoot_standIdle_M26,Jump_ASR_Idle_S,Jump_ASR_Idle_A,Jump_ASR_Idle_F,Jump_ASR_Idle_L,Jump_ASR_Run_S,Jump_ASR_Run_A,Jump_ASR_Run_F,Jump_ASR_Run_L,Jump_ASR_Sprint_S,Jump_ASR_Sprint_A,Jump_ASR_Sprint_F,Jump_ASR_Sprint_L,none,none,none,none,Stand_Pull_EXP_M26,FPS_Stand_Pull_EXP_SmokeFrag,Stand_Hold_EXP_M26,FPS_Stand_Hold_EXP_M26,Stand_Release_EXP_M26,FPS_Stand_Release_EXP_M26,Crouch_Pull_EXP_M26,FPS_Crouch_Pull_EXP_SmokeFrag,Crouch_Hold_EXP_M26,FPS_Crouch_Hold_EXP_M26,Stand_Release_EXP_M26,FPS_Stand_Release_EXP_M26,Prone_Pull_EXP_M26,FPS_Prone_Pull_EXP_SmokeFrag,Prone_Hold_EXP_M26,FPS_Prone_Hold_EXP_M26,Prone_Release_EXP_M26,FPS_Prone_Release_EXP_M26
EXP_Frag_New,none,idle_stand_EXP_M26,FPS_aimIdle_standIdle_EXP_SmokeFrag,idle_crouch_EXP_M26,FPS_aimIdle_crouch_EXP_SmokeFrag,idle_prone_EXP_M26,FPS_aimIdle_prone_EXP_SmokeFrag,idle_stand_EXP_M26,none,none,none,idle_crouch_EXP_M26,none,idle_prone_EXP_M26,none,reload_stand_EXP_M26,FPS_reload_standIdle_EXP_SmokeFrag,reload_runBlend_EXP_M26,FPS_reload_standIdle_EXP_SmokeFrag,reload_crouch_EXP_M26,FPS_reload_crouch_EXP_SmokeFrag,reload_prone_EXP_M26,FPS_reload_prone_EXP_SmokeFrag,none,none,none,none,none,none,none,none,Run_Blend_EXP_M26,FPS_Run_Blend_EXP_SmokeFrag,Sprint_Blend_EXP_M26,FPS_Sprint_Blend_EXP_SmokeFrag,Crouch_Blend_EXP_M26,FPS_Crouch_Blend_EXP_SmokeFrag,Prone_Blend_MEL_Hands,FPS_Prone_Blend_MEL_Hands,prone_to_stand_EXP_M26,none,Stand_to_Prone_EXP_M26,none,Crouch_Blend_EXP_M26,idle_crouch_EXP_M26,prone_to_crouch_EXP_M26,none,crouch_to_prone_EXP_M26,none,reload_crouchBlend_EXP_M26,aimshoot_standIdle_M26,Jump_ASR_Idle_S,Jump_ASR_Idle_A,Jump_ASR_Idle_F,Jump_ASR_Idle_L,Jump_ASR_Run_S,Jump_ASR_Run_A,Jump_ASR_Run_F,Jump_ASR_Run_L,Jump_ASR_Sprint_S,Jump_ASR_Sprint_A,Jump_ASR_Sprint_F,Jump_ASR_Sprint_L,none,none,none,none,Stand_Pull_EXP_M26,FPS_Stand_Pull_EXP_SmokeFrag,Stand_Hold_EXP_M26,FPS_Stand_Hold_EXP_M26,Stand_Release_EXP_M26,FPS_Stand_Release_EXP_M26,Crouch_Pull_EXP_M26,FPS_Crouch_Pull_EXP_SmokeFrag,Crouch_Hold_EXP_M26,FPS_Crouch_Hold_EXP_M26,Stand_Release_EXP_M26,FPS_Stand_Release_EXP_M26,Prone_Pull_EXP_M26,FPS_Prone_Pull_EXP_SmokeFrag,Prone_Hold_EXP_M26,FPS_Prone_Hold_EXP_M26,Prone_Release_EXP_M26,FPS_Prone_Release_EXP_M26
Exp_Incendiary,none,idle_stand_EXP_M26,FPS_aimIdle_standIdle_EXP_SmokeFrag,idle_crouch_EXP_M26,FPS_aimIdle_crouch_EXP_SmokeFrag,idle_prone_EXP_M26,FPS_aimIdle_prone_EXP_SmokeFrag,idle_stand_EXP_M26,none,none,none,idle_crouch_EXP_M26,none,idle_prone_EXP_M26,none,reload_stand_EXP_M26,FPS_reload_standIdle_EXP_SmokeFrag,reload_runBlend_EXP_M26,FPS_reload_standIdle_EXP_SmokeFrag,reload_crouch_EXP_M26,FPS_reload_crouch_EXP_SmokeFrag,reload_prone_EXP_M26,FPS_reload_prone_EXP_SmokeFrag,none,none,none,none,none,none,none,none,Run_Blend_EXP_M26,FPS_Run_Blend_EXP_SmokeFrag,Sprint_Blend_EXP_M26,FPS_Sprint_Blend_EXP_SmokeFrag,Crouch_Blend_EXP_M26,FPS_Crouch_Blend_EXP_SmokeFrag,Prone_Blend_MEL_Hands,FPS_Prone_Blend_MEL_Hands,prone_to_stand_EXP_M26,none,Stand_to_Prone_EXP_M26,none,Crouch_Blend_EXP_M26,idle_crouch_EXP_M26,prone_to_crouch_EXP_M26,none,crouch_to_prone_EXP_M26,none,reload_crouchBlend_EXP_M26,aimshoot_standIdle_M26,Jump_ASR_Idle_S,Jump_ASR_Idle_A,Jump_ASR_Idle_F,Jump_ASR_Idle_L,Jump_ASR_Run_S,Jump_ASR_Run_A,Jump_ASR_Run_F,Jump_ASR_Run_L,Jump_ASR_Sprint_S,Jump_ASR_Sprint_A,Jump_ASR_Sprint_F,Jump_ASR_Sprint_L,none,none,none,none,Stand_Pull_EXP_M26,FPS_Stand_Pull_EXP_SmokeFrag,Stand_Hold_EXP_M26,FPS_Stand_Hold_EXP_M26,Stand_Release_EXP_M26,FPS_Stand_Release_EXP_M26,Crouch_Pull_EXP_M26,FPS_Crouch_Pull_EXP_SmokeFrag,Crouch_Hold_EXP_M26,FPS_Crouch_Hold_EXP_M26,Stand_Release_EXP_M26,FPS_Stand_Release_EXP_M26,Prone_Pull_EXP_M26,FPS_Prone_Pull_EXP_SmokeFrag,Prone_Hold_EXP_M26,FPS_Prone_Hold_EXP_M26,Prone_Release_EXP_M26,FPS_Prone_Release_EXP_M26
EXP_Distraction_Dust,none,idle_stand_EXP_M26,FPS_aimIdle_standIdle_EXP_Distraction,idle_crouch_EXP_M26,FPS_aimIdle_standIdle_EXP_Distraction,idle_prone_EXP_M26,FPS_aimIdle_standIdle_EXP_Distraction,idle_stand_EXP_M26,none,none,none,idle_crouch_EXP_M26,none,idle_prone_EXP_M26,none,reload_stand_EXP_M26,FPS_reload_standIdle_EXP_SmokeFrag,reload_runBlend_EXP_M26,FPS_reload_standIdle_EXP_SmokeFrag,reload_crouch_EXP_M26,FPS_reload_crouch_EXP_SmokeFrag,reload_prone_EXP_M26,FPS_reload_prone_EXP_SmokeFrag,none,none,none,none,none,none,none,none,Run_Blend_EXP_M26,FPS_Run_Blend_EXP_Distraction,Sprint_Blend_EXP_Distraction,FPS_Sprint_Blend_EXP_Distraction,Crouch_Blend_EXP_M26,FPS_Run_Blend_EXP_Distraction,Prone_Blend_MEL_Hands,FPS_Run_Blend_EXP_Distraction,prone_to_stand_EXP_M26,none,Stand_to_Prone_EXP_M26,none,Crouch_Blend_EXP_M26,idle_crouch_EXP_M26,prone_to_crouch_EXP_M26,none,crouch_to_prone_EXP_M26,none,reload_crouchBlend_EXP_M26,aimshoot_standIdle_M26,Jump_ASR_Idle_S,Jump_ASR_Idle_A,Jump_ASR_Idle_F,Jump_ASR_Idle_L,Jump_ASR_Run_S,Jump_ASR_Run_A,Jump_ASR_Run_F,Jump_ASR_Run_L,Jump_ASR_Sprint_S,Jump_ASR_Sprint_A,Jump_ASR_Sprint_F,Jump_ASR_Sprint_L,none,none,none,none,Stand_Pull_EXP_M26,FPS_Stand_Pull_EXP_SmokeFrag,Stand_Hold_EXP_M26,FPS_Stand_Hold_EXP_M26,Stand_Release_EXP_M26,FPS_Stand_Release_EXP_M26,Crouch_Pull_EXP_M26,FPS_Crouch_Pull_EXP_SmokeFrag,Crouch_Hold_EXP_M26,FPS_Crouch_Hold_EXP_M26,Stand_Release_EXP_M26,FPS_Stand_Release_EXP_M26,Prone_Pull_EXP_M26,FPS_Prone_Pull_EXP_SmokeFrag,Prone_Hold_EXP_M26,FPS_Prone_Hold_EXP_M26,Prone_Release_EXP_M26,FPS_Prone_Release_EXP_M26
Exp_Distraction_hologram,none,idle_stand_EXP_M26,FPS_aimIdle_standIdle_EXP_Distraction,idle_crouch_EXP_M26,FPS_aimIdle_standIdle_EXP_Distraction,idle_prone_EXP_M26,FPS_aimIdle_standIdle_EXP_Distraction,idle_stand_EXP_M26,none,none,none,idle_crouch_EXP_M26,none,idle_prone_EXP_M26,none,reload_stand_EXP_M26,FPS_reload_standIdle_EXP_SmokeFrag,reload_runBlend_EXP_M26,FPS_reload_standIdle_EXP_SmokeFrag,reload_crouch_EXP_M26,FPS_reload_crouch_EXP_SmokeFrag,reload_prone_EXP_M26,FPS_reload_prone_EXP_SmokeFrag,none,none,none,none,none,none,none,none,Run_Blend_EXP_M26,FPS_Run_Blend_EXP_Distraction,Sprint_Blend_EXP_Distraction,FPS_Sprint_Blend_EXP_Distraction,Crouch_Blend_EXP_M26,FPS_Run_Blend_EXP_Distraction,Prone_Blend_MEL_Hands,FPS_Run_Blend_EXP_Distraction,prone_to_stand_EXP_M26,none,Stand_to_Prone_EXP_M26,none,Crouch_Blend_EXP_M26,idle_crouch_EXP_M26,prone_to_crouch_EXP_M26,none,crouch_to_prone_EXP_M26,none,reload_crouchBlend_EXP_M26,aimshoot_standIdle_M26,Jump_ASR_Idle_S,Jump_ASR_Idle_A,Jump_ASR_Idle_F,Jump_ASR_Idle_L,Jump_ASR_Run_S,Jump_ASR_Run_A,Jump_ASR_Run_F,Jump_ASR_Run_L,Jump_ASR_Sprint_S,Jump_ASR_Sprint_A,Jump_ASR_Sprint_F,Jump_ASR_Sprint_L,none,none,none,none,Stand_Pull_EXP_M26,FPS_Stand_Pull_EXP_SmokeFrag,Stand_Hold_EXP_M26,FPS_Stand_Hold_EXP_M26,Stand_Release_EXP_M26,FPS_Stand_Release_EXP_M26,Crouch_Pull_EXP_M26,FPS_Crouch_Pull_EXP_SmokeFrag,Crouch_Hold_EXP_M26,FPS_Crouch_Hold_EXP_M26,Stand_Release_EXP_M26,FPS_Stand_Release_EXP_M26,Prone_Pull_EXP_M26,FPS_Prone_Pull_EXP_SmokeFrag,Prone_Hold_EXP_M26,FPS_Prone_Hold_EXP_M26,Prone_Release_EXP_M26,FPS_Prone_Release_EXP_M26
EXp_Supply,none,idle_stand_EXP_M26,FPS_aimIdle_standIdle_EXP_SmokeFrag,idle_crouch_EXP_M26,FPS_aimIdle_crouch_EXP_SmokeFrag,idle_prone_EXP_M26,FPS_aimIdle_prone_EXP_SmokeFrag,idle_stand_EXP_M26,none,none,none,idle_crouch_EXP_M26,none,idle_prone_EXP_M26,none,reload_stand_EXP_M26,FPS_reload_standIdle_EXP_SmokeFrag,reload_runBlend_EXP_M26,FPS_reload_standIdle_EXP_SmokeFrag,reload_crouch_EXP_M26,FPS_reload_crouch_EXP_SmokeFrag,reload_prone_EXP_M26,FPS_reload_prone_EXP_SmokeFrag,none,none,none,none,none,none,none,none,Run_Blend_EXP_M26,FPS_Run_Blend_EXP_SmokeFrag,Sprint_Blend_EXP_Distraction,FPS_Sprint_Blend_EXP_SmokeFrag,Crouch_Blend_EXP_M26,FPS_Crouch_Blend_EXP_SmokeFrag,Prone_Blend_MEL_Hands,FPS_Prone_Blend_MEL_Hands,prone_to_stand_EXP_M26,none,Stand_to_Prone_EXP_M26,none,Crouch_Blend_EXP_M26,idle_crouch_EXP_M26,prone_to_crouch_EXP_M26,none,crouch_to_prone_EXP_M26,none,reload_crouchBlend_EXP_M26,aimshoot_standIdle_M26,Jump_ASR_Idle_S,Jump_ASR_Idle_A,Jump_ASR_Idle_F,Jump_ASR_Idle_L,Jump_ASR_Run_S,Jump_ASR_Run_A,Jump_ASR_Run_F,Jump_ASR_Run_L,Jump_ASR_Sprint_S,Jump_ASR_Sprint_A,Jump_ASR_Sprint_F,Jump_ASR_Sprint_L,none,none,none,none,Stand_Pull_EXP_M26,FPS_Stand_Pull_EXP_SmokeFrag,Stand_Hold_EXP_M26,FPS_Stand_Hold_EXP_M26,Stand_Release_EXP_M26,FPS_Stand_Release_EXP_M26,Crouch_Pull_EXP_M26,FPS_Crouch_Pull_EXP_SmokeFrag,Crouch_Hold_EXP_M26,FPS_Crouch_Hold_EXP_M26,Stand_Release_EXP_M26,FPS_Stand_Release_EXP_M26,Prone_Pull_EXP_M26,FPS_Prone_Pull_EXP_SmokeFrag,Prone_Hold_EXP_M26,FPS_Prone_Hold_EXP_M26,Prone_Release_EXP_M26,FPS_Prone_Release_EXP_M26
,,,,,,,,,,,,,,,,,,,,,,,,,,,,,,,,,,,,,,,,,,,,,,,,,,,,,,,,,,,,,,,,,,,,,,,,,,,,,,,,,,,,,
,,,,,,,,,,,,,,,,,,,,,,,,,,,,,,,,,,,,,,,,,,,,,,,,,,,,,,,,,,,,,,,,,,,,,,,,,,,,,,,,,,,,,
MEL_UNARMED,none,idle_stand_MEL_Hands,FPS_idle_stand_MEL_Hands,idle_crouch_MEL_Hands,FPS_idle_crouch_MEL_Hands,aimidle_prone_MEL_Hands,FPS_idle_prone_MEL_Hands,idle_stand_MEL_Hands,FPS_idle_stand_MEL_Hands,none,none,aimIdle_crouchBlend_MEL_Hands,none,aimidle_prone_MEL_TacticalKnife,none,none,none,none,none,none,none,none,none,none,none,none,none,none,none,none,none,Run_Blend_MEL_Hands,FPS_Run_Blend_MEL_Hands,Sprint_Blend_MEL_Hands,FPS_Sprint_Blend_MEL_Hands,Crouch_Blend_MEL_Hands,FPS_Crouch_Blend_MEL_Hands,Prone_Blend_MEL_Hands,FPS_Prone_Blend_MEL_Hands,prone_to_stand_MEL_Hands,none,Stand_to_Prone_MEL_Hands,none,idle_crouch_MEL_Hands,aimidle_prone_MEL_Hands,prone_to_crouch_MEL_Hands,none,crouch_to_prone_MEL_Hands,none,none,standAim_shooting_MEL_hands_L_Hook,Jump_ASR_Idle_S,Jump_ASR_Idle_A,Jump_ASR_Idle_F,Jump_ASR_Idle_L,Jump_Hand_Run_S,Jump_Hand_Run_A,Jump_Hand_Run_F,Jump_Hand_Run_L,Jump_Hand_Sprint_S,Jump_Hand_Sprint_A,Jump_Hand_Sprint_F,Jump_Hand_Sprint_L,none,none,none,none,none,none,none,none,none,none,none,none,none,none,none,none,none,none,none,none,none,none
,,,,,,,,,,,,,,,,,,,,,,,,,,,,,,,,,,,,,,,,,,,,,,,,,,,,,,,,,,,,,,,,,,,,,,,,,,,,,,,,,,,,,
,,,,,,,,,,,,,,,,,,,,,,,,,,,,,,,,,,,,,,,,,,,,,,,,,,,,,,,,,,,,,,,,,,,,,,,,,,,,,,,,,,,,,
MEL_Knife_MK1,none,idle_stand_MEL_TacticalKnife,FPS_idle_stand_MEL_TacticalKnife,idle_crouch_MEL_TacticalKnife,FPS_idle_crouch_MEL_TacticalKnife,aimidle_prone_MEL_TacticalKnife,FPS_idle_prone_MEL_TacticalKnife,idle_stand_MEL_TacticalKnife,FPS_idle_stand_MEL_TacticalKnife,none,none,aimIdle_crouchBlend_MEL_TacticalKnife,none,aimidle_prone_MEL_TacticalKnife,none,none,none,none,none,none,none,none,none,aimShoot_standIdle_MEL_TacticalKnife,none,aimShoot_runBlend_MEL_TacticalKnife,FPS_aimShoot_standIdle_MEL_TacticalKnife,aimShoot_crouch_MEL_TacticalKnife,FPS_aimShoot_crouch_MEL_TacticalKnife,aimShoot_prone_MEL_TacticalKnife,FPS_aimShoot_prone_MEL_Slash,Run_Blend_MEL_Hands,FPS_Run_Blend_MEL_TacticalKnife,Sprint_Blend_MEL_Hands,FPS_Sprint_Blend_MEL_TacticalKnife,Crouch_Blend_MEL_Knife,FPS_Crouch_Blend_MEL_TacticalKnife,Prone_Blend_MEL_Hands,FPS_Prone_Blend_MEL_TacticalKnife,prone_to_stand_MEL_TacticalKnife,none,Stand_to_Prone_MEL_TacticalKnife,none,idle_crouch_MEL_TacticalKnife,aimidle_prone_MEL_TacticalKnife,prone_to_crouch_MEL_TacticalKnife,none,crouch_to_prone_MEL_TacticalKnife,none,none,aimShoot_crouch_MEL_TacticalKnife,Jump_ASR_Idle_S,Jump_ASR_Idle_A,Jump_ASR_Idle_F,Jump_ASR_Idle_L,Jump_Hand_Run_S,Jump_Hand_Run_A,Jump_Hand_Run_F,Jump_Hand_Run_L,Jump_Hand_Sprint_S,Jump_Hand_Sprint_A,Jump_Hand_Sprint_F,Jump_Hand_Sprint_L,none,FPS_aimShoot_crouch_MEL_TacticalKnife,FPS_Attach_Raise_MEL_TacticalKnife,FPS_Attach_Idle_MEL_TacticalKnife,none,none,none,none,none,none,none,none,none,none,none,none,none,none,none,none,none,none
MEL_Knife_MK2,none,idle_stand_MEL_TacticalKnife,FPS_idle_stand_MEL_TacticalKnife,idle_crouch_MEL_TacticalKnife,FPS_idle_crouch_MEL_TacticalKnife,aimidle_prone_MEL_TacticalKnife,FPS_idle_prone_MEL_TacticalKnife,idle_stand_MEL_TacticalKnife,FPS_idle_stand_MEL_TacticalKnife,none,none,aimIdle_crouchBlend_MEL_TacticalKnife,none,aimidle_prone_MEL_TacticalKnife,none,none,none,none,none,none,none,none,none,aimShoot_standIdle_MEL_TacticalKnife,none,aimShoot_runBlend_MEL_TacticalKnife,FPS_aimShoot_standIdle_MEL_TacticalKnife,aimShoot_crouch_MEL_TacticalKnife,FPS_aimShoot_crouch_MEL_TacticalKnife,aimShoot_prone_MEL_TacticalKnife,FPS_aimShoot_prone_MEL_Slash,Run_Blend_MEL_Hands,FPS_Run_Blend_MEL_TacticalKnife,Sprint_Blend_MEL_Hands,FPS_Sprint_Blend_MEL_TacticalKnife,Crouch_Blend_MEL_Knife,FPS_Crouch_Blend_MEL_TacticalKnife,Prone_Blend_MEL_Hands,FPS_Prone_Blend_MEL_TacticalKnife,prone_to_stand_MEL_TacticalKnife,none,Stand_to_Prone_MEL_TacticalKnife,none,idle_crouch_MEL_TacticalKnife,aimidle_prone_MEL_TacticalKnife,prone_to_crouch_MEL_TacticalKnife,none,crouch_to_prone_MEL_TacticalKnife,none,none,aimShoot_crouch_MEL_TacticalKnife,Jump_ASR_Idle_S,Jump_ASR_Idle_A,Jump_ASR_Idle_F,Jump_ASR_Idle_L,Jump_Hand_Run_S,Jump_Hand_Run_A,Jump_Hand_Run_F,Jump_Hand_Run_L,Jump_Hand_Sprint_S,Jump_Hand_Sprint_A,Jump_Hand_Sprint_F,Jump_Hand_Sprint_L,none,FPS_aimShoot_crouch_MEL_TacticalKnife,FPS_Attach_Raise_MEL_TacticalKnife,FPS_Attach_Idle_MEL_TacticalKnife,none,none,none,none,none,none,none,none,none,none,none,none,none,none,none,none,none,none
MEL_Knife_MK3,none,idle_stand_MEL_TacticalKnife,FPS_idle_stand_MEL_TacticalKnife,idle_crouch_MEL_TacticalKnife,FPS_idle_crouch_MEL_TacticalKnife,aimidle_prone_MEL_TacticalKnife,FPS_idle_prone_MEL_TacticalKnife,idle_stand_MEL_TacticalKnife,FPS_idle_stand_MEL_TacticalKnife,none,none,aimIdle_crouchBlend_MEL_TacticalKnife,none,aimidle_prone_MEL_TacticalKnife,none,none,none,none,none,none,none,none,none,aimShoot_standIdle_MEL_TacticalKnife,none,aimShoot_runBlend_MEL_TacticalKnife,FPS_aimShoot_standIdle_MEL_TacticalKnife,aimShoot_crouch_MEL_TacticalKnife,FPS_aimShoot_crouch_MEL_TacticalKnife,aimShoot_prone_MEL_TacticalKnife,FPS_aimShoot_prone_MEL_Slash,Run_Blend_MEL_Hands,FPS_Run_Blend_MEL_TacticalKnife,Sprint_Blend_MEL_Hands,FPS_Sprint_Blend_MEL_TacticalKnife,Crouch_Blend_MEL_Knife,FPS_Crouch_Blend_MEL_TacticalKnife,Prone_Blend_MEL_Hands,FPS_Prone_Blend_MEL_TacticalKnife,prone_to_stand_MEL_TacticalKnife,none,Stand_to_Prone_MEL_TacticalKnife,none,idle_crouch_MEL_TacticalKnife,aimidle_prone_MEL_TacticalKnife,prone_to_crouch_MEL_TacticalKnife,none,crouch_to_prone_MEL_TacticalKnife,none,none,aimShoot_crouch_MEL_TacticalKnife,Jump_ASR_Idle_S,Jump_ASR_Idle_A,Jump_ASR_Idle_F,Jump_ASR_Idle_L,Jump_Hand_Run_S,Jump_Hand_Run_A,Jump_Hand_Run_F,Jump_Hand_Run_L,Jump_Hand_Sprint_S,Jump_Hand_Sprint_A,Jump_Hand_Sprint_F,Jump_Hand_Sprint_L,none,FPS_aimShoot_crouch_MEL_TacticalKnife,FPS_Attach_Raise_MEL_TacticalKnife,FPS_Attach_Idle_MEL_TacticalKnife,none,none,none,none,none,none,none,none,none,none,none,none,none,none,none,none,none,none
MEL_Knife_MK4,none,idle_stand_MEL_TacticalKnife,FPS_idle_stand_MEL_TacticalKnife,idle_crouch_MEL_TacticalKnife,FPS_idle_crouch_MEL_TacticalKnife,aimidle_prone_MEL_TacticalKnife,FPS_idle_prone_MEL_TacticalKnife,idle_stand_MEL_TacticalKnife,FPS_idle_stand_MEL_TacticalKnife,none,none,aimIdle_crouchBlend_MEL_TacticalKnife,none,aimidle_prone_MEL_TacticalKnife,none,none,none,none,none,none,none,none,none,aimShoot_standIdle_MEL_TacticalKnife,none,aimShoot_runBlend_MEL_TacticalKnife,FPS_aimShoot_standIdle_MEL_TacticalKnife,aimShoot_crouch_MEL_TacticalKnife,FPS_aimShoot_crouch_MEL_TacticalKnife,aimShoot_prone_MEL_TacticalKnife,FPS_aimShoot_prone_MEL_Slash,Run_Blend_MEL_Hands,FPS_Run_Blend_MEL_TacticalKnife,Sprint_Blend_MEL_Hands,FPS_Sprint_Blend_MEL_TacticalKnife,Crouch_Blend_MEL_Knife,FPS_Crouch_Blend_MEL_TacticalKnife,Prone_Blend_MEL_Hands,FPS_Prone_Blend_MEL_TacticalKnife,prone_to_stand_MEL_TacticalKnife,none,Stand_to_Prone_MEL_TacticalKnife,none,idle_crouch_MEL_TacticalKnife,aimidle_prone_MEL_TacticalKnife,prone_to_crouch_MEL_TacticalKnife,none,crouch_to_prone_MEL_TacticalKnife,none,none,aimShoot_crouch_MEL_TacticalKnife,Jump_ASR_Idle_S,Jump_ASR_Idle_A,Jump_ASR_Idle_F,Jump_ASR_Idle_L,Jump_Hand_Run_S,Jump_Hand_Run_A,Jump_Hand_Run_F,Jump_Hand_Run_L,Jump_Hand_Sprint_S,Jump_Hand_Sprint_A,Jump_Hand_Sprint_F,Jump_Hand_Sprint_L,none,FPS_aimShoot_crouch_MEL_TacticalKnife,FPS_Attach_Raise_MEL_TacticalKnife,FPS_Attach_Idle_MEL_TacticalKnife,none,none,none,none,none,none,none,none,none,none,none,none,none,none,none,none,none,none
MEL_Knife_MK5,none,idle_stand_MEL_TacticalKnife,FPS_idle_stand_MEL_TacticalKnife,idle_crouch_MEL_TacticalKnife,FPS_idle_crouch_MEL_TacticalKnife,aimidle_prone_MEL_TacticalKnife,FPS_idle_prone_MEL_TacticalKnife,idle_stand_MEL_TacticalKnife,FPS_idle_stand_MEL_TacticalKnife,none,none,aimIdle_crouchBlend_MEL_TacticalKnife,none,aimidle_prone_MEL_TacticalKnife,none,none,none,none,none,none,none,none,none,aimShoot_standIdle_MEL_TacticalKnife,none,aimShoot_runBlend_MEL_TacticalKnife,FPS_aimShoot_standIdle_MEL_TacticalKnife,aimShoot_crouch_MEL_TacticalKnife,FPS_aimShoot_crouch_MEL_TacticalKnife,aimShoot_prone_MEL_TacticalKnife,FPS_aimShoot_prone_MEL_Slash,Run_Blend_MEL_Hands,FPS_Run_Blend_MEL_TacticalKnife,Sprint_Blend_MEL_Hands,FPS_Sprint_Blend_MEL_TacticalKnife,Crouch_Blend_MEL_Knife,FPS_Crouch_Blend_MEL_TacticalKnife,Prone_Blend_MEL_Hands,FPS_Prone_Blend_MEL_TacticalKnife,prone_to_stand_MEL_TacticalKnife,none,Stand_to_Prone_MEL_TacticalKnife,none,idle_crouch_MEL_TacticalKnife,aimidle_prone_MEL_TacticalKnife,prone_to_crouch_MEL_TacticalKnife,none,crouch_to_prone_MEL_TacticalKnife,none,none,aimShoot_crouch_MEL_TacticalKnife,Jump_ASR_Idle_S,Jump_ASR_Idle_A,Jump_ASR_Idle_F,Jump_ASR_Idle_L,Jump_Hand_Run_S,Jump_Hand_Run_A,Jump_Hand_Run_F,Jump_Hand_Run_L,Jump_Hand_Sprint_S,Jump_Hand_Sprint_A,Jump_Hand_Sprint_F,Jump_Hand_Sprint_L,none,FPS_aimShoot_crouch_MEL_TacticalKnife,FPS_Attach_Raise_MEL_TacticalKnife,FPS_Attach_Idle_MEL_TacticalKnife,none,none,none,none,none,none,none,none,none,none,none,none,none,none,none,none,none,none
MEL_Knife_MK6,none,idle_stand_MEL_TacticalKnife,FPS_idle_stand_MEL_TacticalKnife,idle_crouch_MEL_TacticalKnife,FPS_idle_crouch_MEL_TacticalKnife,aimidle_prone_MEL_TacticalKnife,FPS_idle_prone_MEL_TacticalKnife,idle_stand_MEL_TacticalKnife,FPS_idle_stand_MEL_TacticalKnife,none,none,aimIdle_crouchBlend_MEL_TacticalKnife,none,aimidle_prone_MEL_TacticalKnife,none,none,none,none,none,none,none,none,none,aimShoot_standIdle_MEL_TacticalKnife,none,aimShoot_runBlend_MEL_TacticalKnife,FPS_aimShoot_standIdle_MEL_TacticalKnife,aimShoot_crouch_MEL_TacticalKnife,FPS_aimShoot_crouch_MEL_TacticalKnife,aimShoot_prone_MEL_TacticalKnife,FPS_aimShoot_prone_MEL_Slash,Run_Blend_MEL_Hands,FPS_Run_Blend_MEL_TacticalKnife,Sprint_Blend_MEL_Hands,FPS_Sprint_Blend_MEL_TacticalKnife,Crouch_Blend_MEL_Knife,FPS_Crouch_Blend_MEL_TacticalKnife,Prone_Blend_MEL_Hands,FPS_Prone_Blend_MEL_TacticalKnife,prone_to_stand_MEL_TacticalKnife,none,Stand_to_Prone_MEL_TacticalKnife,none,idle_crouch_MEL_TacticalKnife,aimidle_prone_MEL_TacticalKnife,prone_to_crouch_MEL_TacticalKnife,none,crouch_to_prone_MEL_TacticalKnife,none,none,aimShoot_crouch_MEL_TacticalKnife,Jump_ASR_Idle_S,Jump_ASR_Idle_A,Jump_ASR_Idle_F,Jump_ASR_Idle_L,Jump_Hand_Run_S,Jump_Hand_Run_A,Jump_Hand_Run_F,Jump_Hand_Run_L,Jump_Hand_Sprint_S,Jump_Hand_Sprint_A,Jump_Hand_Sprint_F,Jump_Hand_Sprint_L,none,FPS_aimShoot_crouch_MEL_TacticalKnife,FPS_Attach_Raise_MEL_TacticalKnife,FPS_Attach_Idle_MEL_TacticalKnife,none,none,none,none,none,none,none,none,none,none,none,none,none,none,none,none,none,none
,,,,,,,,,,,,,,,,,,,,,,,,,,,,,,,,,,,,,,,,,,,,,,,,,,,,,,,,,,,,,,,,,,,,,,,,,,,,,,,,,,,,,
,,,,,,,,,,,,,,,,,,,,,,,,,,,,,,,,,,,,,,,,,,,,,,,,,,,,,,,,,,,,,,,,,,,,,,,,,,,,,,,,,,,,,
EXP_AP_Mine,none,idle_stand_EXP_Mine,FPS_aimIdle_standIdle_EXP_AP_Mine,idle_crouch_EXP_Mine,FPS_aimIdle_crouch_EXP_AP_Mine,idle_prone_EXP_Mine,FPS_aimIdle_prone_EXP_AP_Mine,none,none,none,none,none,none,idle_prone_EXP_M26,none,reload_stand_EXP_M26,FPS_reload_standIdle_EXP_AP_Mine,reload_runBlend_EXP_M26,FPS_reload_standIdle_EXP_AP_Mine,reload_crouch_EXP_M26,FPS_reload_crouch_EXP_AP_Mine,reload_prone_EXP_M26,FPS_reload_prone_EXP_AP_Mine,none,none,none,none,none,none,none,none,Run_Blend_EXP_Mine,FPS_Run_Blend_EXP_AP_Mine,Sprint_Blend_MEL_Hands,FPS_Sprint_Blend_EXP_AP_Mine,Crouch_Blend_EXP_Mine,FPS_Crouch_Blend_EXP_AP_Mine,Prone_Blend_MEL_Hands,FPS_Prone_Blend_EXP_AP_Mine,prone_to_stand_EXP_M26,none,Stand_to_Prone_EXP_M26,none,idle_crouch_EXP_M26,idle_crouch_EXP_M26,prone_to_crouch_EXP_M26,none,crouch_to_prone_EXP_M26,none,reload_crouchBlend_EXP_M26,none,Jump_ASR_Idle_S,Jump_ASR_Idle_A,Jump_ASR_Idle_F,Jump_ASR_Idle_L,Jump_ASR_Run_S,Jump_ASR_Run_A,Jump_ASR_Run_F,Jump_ASR_Run_L,Jump_ASR_Sprint_S,Jump_ASR_Sprint_A,Jump_ASR_Sprint_F,Jump_ASR_Sprint_L,none,none,none,none,none,FPS_Stand_Pull_EXP_AP_MIne,none,FPS_Stand_Hold_EXP_AP_Mine,none,FPS_Stand_Release_EXP_AP_Mine,none,FPS_Crouch_Pull_EXP_AP_Mine,none,FPS_Crouch_Hold_EXP_AP_Mine,none,FPS_Crouch_Release_EXP_AP_Mine,none,FPS_Prone_Pull_EXP_AP_Mine,none,FPS_Prone_Hold_EXP_AP_Mine,none,FPS_Prone_Release_EXP_AP_MIne
EXP_AT_Mine,none,idle_stand_EXP_Mine2,FPS_aimIdle_standIdle_EXP_AT_Mine,idle_crouch_EXP_Mine2,FPS_aimIdle_crouch_EXP_AT_Mine,idle_prone_EXP_Mine2,FPS_aimIdle_prone_EXP_AT_Mine,none,none,none,none,none,none,idle_prone_EXP_M26,none,reload_stand_EXP_M26,FPS_reload_standIdle_EXP_AT_Mine,reload_runBlend_EXP_M26,FPS_reload_standIdle_EXP_AT_Mine,reload_crouch_EXP_M26,FPS_reload_crouch_EXP_AT_Mine,reload_prone_EXP_M26,FPS_reload_prone_EXP_AT_Mine,none,none,none,none,none,none,none,none,Run_Blend_EXP_Mine2,FPS_Run_Blend_EXP_AT_Mine,Sprint_Blend_AT_Mine,FPS_Sprint_Blend_EXP_AT_Mine,Crouch_Blend_EXP_Mine2,FPS_Crouch_Blend_EXP_AT_Mine,Prone_Blend_EXP_Mine2,FPS_Prone_Blend_EXP_AT_Mine,prone_to_stand_EXP_M26,none,Stand_to_Prone_EXP_M26,none,idle_crouch_EXP_M26,idle_crouch_EXP_M26,prone_to_crouch_EXP_M26,none,crouch_to_prone_EXP_M26,none,reload_crouchBlend_EXP_M26,none,Jump_ASR_Idle_S,Jump_ASR_Idle_A,Jump_ASR_Idle_F,Jump_ASR_Idle_L,Jump_ASR_Run_S,Jump_ASR_Run_A,Jump_ASR_Run_F,Jump_ASR_Run_L,Jump_ASR_Sprint_S,Jump_ASR_Sprint_A,Jump_ASR_Sprint_F,Jump_ASR_Sprint_L,none,none,none,none,none,FPS_Stand_Pull_EXP_AT_MIne,none,FPS_Stand_Hold_EXP_M26,none,FPS_Stand_Release_EXP_AT_Mine,none,FPS_Crouch_Pull_EXP_AT_Mine,none,FPS_Crouch_Hold_EXP_M26,none,FPS_Stand_Release_EXP_AT_Mine,none,FPS_Prone_Pull_EXP_AT_Mine,none,FPS_Prone_Hold_EXP_AT_Mine,none,FPS_Prone_Release_EXP_AT_Mine
EXP_C4_Charge,none,idle_stand_EXP_C4_Charge,FPS_aimIdle_standIdle_EXP_C4,idle_crouch_EXP_C4_Charge,FPS_aimIdle_crouch_EXP_C4,idle_prone_MEL_Hands,FPS_aimIdle_prone_EXP_C4,none,none,none,none,none,none,idle_prone_EXP_M26,none,reload_stand_EXP_M26,FPS_reload_standIdle_EXP_C4,reload_runBlend_EXP_M26,FPS_reload_standIdle_EXP_C4,reload_crouch_EXP_M26,FPS_reload_crouch_EXP_C4,reload_prone_EXP_M26,FPS_reload_prone_EXP_C4,none,none,none,none,none,none,none,none,Run_Blend_EXP_C4_Charge,FPS_Run_Blend_EXP_C4,Sprint_Blend_EXP_C4,FPS_Sprint_Blend_EXP_C4,Crouch_Blend_EXP_C4_Charge,FPS_Crouch_Blend_EXP_C4,Prone_Blend_MEL_Hands,FPS_prone_Blend_EXP_C4,prone_to_stand_EXP_M26,none,Stand_to_Prone_EXP_M26,none,idle_crouch_EXP_C4_Charge,idle_crouch_EXP_M26,prone_to_crouch_EXP_M26,none,crouch_to_prone_EXP_M26,none,reload_crouchBlend_EXP_M26,none,Jump_ASR_Idle_S,Jump_ASR_Idle_A,Jump_ASR_Idle_F,Jump_ASR_Idle_L,Jump_ASR_Run_S,Jump_ASR_Run_A,Jump_ASR_Run_F,Jump_ASR_Run_L,Jump_ASR_Sprint_S,Jump_ASR_Sprint_A,Jump_ASR_Sprint_F,Jump_ASR_Sprint_L,none,none,none,none,none,FPS_Stand_Pull_EXP_C4,none,FPS_Stand_Hold_EXP_C4,none,FPS_Stand_Release_EXP_C4,none,FPS_Crouch_Pull_EXP_C4,none,FPS_Crouch_Hold_EXP_C4,none,FPS_Crouch_Release_EXP_C4,none,FPS_Prone_Pull_EXP_C4,none,FPS_Prone_Hold_EXP_C4,none,FPS_Prone_Release_EXP_C4
EXP_C4_Detonator,none,idle_stand_EXP_M26,FPS_aimIdle_standIdle_EXP_M26,idle_crouch_EXP_M26,FPS_aimIdle_crouch_EXP_M26,idle_prone_EXP_M26,FPS_aimIdle_prone_EXP_M26,none,none,none,none,none,none,idle_prone_EXP_M26,none,reload_stand_EXP_M26,FPS_reload_standIdle_EXP_M26,reload_runBlend_EXP_M26,FPS_reload_standIdle_EXP_M26,reload_crouch_EXP_M26,FPS_reload_crouch_EXP_M26,reload_prone_EXP_M26,FPS_reload_prone_EXP_M26,none,none,none,none,none,none,none,none,Run_Blend_EXP_M26,FPS_Run_Blend_EXP_M26,Sprint_Blend_EXP_M26,FPS_Sprint_Blend_EXP_M26,Crouch_Blend_EXP_M26,FPS_Crouch_Blend_EXP_M26,Prone_Blend_MEL_Hands,FPS_Prone_Blend_MEL_Hands,prone_to_stand_EXP_M26,none,Stand_to_Prone_EXP_M26,none,idle_crouch_EXP_M26,idle_crouch_EXP_M26,prone_to_crouch_EXP_M26,none,crouch_to_prone_EXP_M26,none,reload_crouchBlend_EXP_M26,none,Jump_ASR_Idle_S,Jump_ASR_Idle_A,Jump_ASR_Idle_F,Jump_ASR_Idle_L,Jump_ASR_Run_S,Jump_ASR_Run_A,Jump_ASR_Run_F,Jump_ASR_Run_L,Jump_ASR_Sprint_S,Jump_ASR_Sprint_A,Jump_ASR_Sprint_F,Jump_ASR_Sprint_L,none,none,none,none,Stand_Pull_EXP_M26,FPS_Stand_Pull_EXP_M26,Stand_Hold_EXP_M26,FPS_Stand_Hold_EXP_M26,Stand_Release_EXP_M26,FPS_Stand_Release_EXP_M26,Crouch_Pull_EXP_M26,FPS_Crouch_Pull_EXP_M26,Crouch_Hold_EXP_M26,FPS_Crouch_Hold_EXP_M26,Stand_Release_EXP_M26,FPS_Stand_Release_EXP_M26,Prone_Pull_EXP_M26,FPS_Prone_Pull_EXP_M26,Prone_Hold_EXP_M26,FPS_Prone_Hold_EXP_M26,Prone_Release_EXP_M26,FPS_Prone_Release_EXP_M26
EXP_Claymore,none,idle_stand_EXP_Claymore,FPS_aimIdle_standIdle_EXP_Claymore,idle_crouch_EXP_Claymore,FPS_aimIdle_crouch_EXP_Claymore,idle_prone_MEL_Hands,FPS_aimIdle_prone_EXP_Claymore,none,none,none,none,none,none,idle_prone_EXP_M26,none,reload_stand_EXP_M26,FPS_reload_standIdle_EXP_Claymore,reload_runBlend_EXP_M26,FPS_reload_standIdle_EXP_Claymore,reload_crouch_EXP_M26,FPS_reload_crouch_EXP_Claymore,reload_prone_EXP_M26,FPS_reload_prone_EXP_Claymore,none,none,none,none,none,none,none,none,Run_Blend_EXP_Claymore,FPS_Run_Blend_EXP_Claymore,Sprint_Blend_Claymore,FPS_Sprint_Blend_EXP_Claymore,crouch_blend_EXP_Claymore,FPS_Crouch_Blend_EXP_Claymore,Prone_Blend_MEL_Hands,FPS_Prone_Blend_EXP_Claymore,prone_to_stand_EXP_M26,none,Stand_to_Prone_EXP_M26,none,idle_crouch_EXP_M26,idle_crouch_EXP_M26,prone_to_crouch_EXP_M26,none,crouch_to_prone_EXP_M26,none,reload_crouchBlend_EXP_M26,none,Jump_ASR_Idle_S,Jump_ASR_Idle_A,Jump_ASR_Idle_F,Jump_ASR_Idle_L,Jump_ASR_Run_S,Jump_ASR_Run_A,Jump_ASR_Run_F,Jump_ASR_Run_L,Jump_ASR_Sprint_S,Jump_ASR_Sprint_A,Jump_ASR_Sprint_F,Jump_ASR_Sprint_L,none,none,none,none,none,FPS_Stand_Pull_EXP_Claymore,none,FPS_Stand_Hold_EXP_M26,none,FPS_Stand_Release_EXP_Claymore,none,FPS_Crouch_Pull_EXP_Claymore,none,FPS_Crouch_Hold_EXP_M26,none,FPS_Stand_Release_EXP_Claymore,none,FPS_Prone_Pull_EXP_Claymore,none,FPS_Prone_Hold_EXP_Claymore,none,FPS_Prone_Release_EXP_Claymore
EXP_Slam,none,idle_stand_MEL_Hands,FPS_aimIdle_standIdle_EXP_Slam,idle_crouch_MEL_Hands,FPS_aimIdle_crouch_EXP_Slam,idle_prone_MEL_Hands,FPS_aimIdle_prone_EXP_Slam,none,none,none,none,none,none,idle_prone_EXP_M26,none,reload_stand_EXP_M26,FPS_reload_standIdle_EXP_Slam,reload_runBlend_EXP_M26,FPS_reload_standIdle_EXP_Slam,reload_crouch_EXP_M26,FPS_reload_crouch_EXP_Slam,reload_prone_EXP_M26,FPS_reload_prone_EXP_Slam,none,none,none,none,none,none,none,none,Run_Blend_MEL_Hands,FPS_Run_Blend_EXP_Slam,Sprint_Blend_MEL_Hands,FPS_Sprint_Blend_EXP_Slam,crouch_blend_EXP_Claymore,FPS_Crouch_Blend_EXP_Slam,Prone_Blend_MEL_Hands,FPS_Prone_Blend_EXP_Slam,prone_to_stand_EXP_M26,none,Stand_to_Prone_EXP_M26,none,idle_crouch_EXP_M26,idle_crouch_EXP_M26,prone_to_crouch_EXP_M26,none,crouch_to_prone_EXP_M26,none,reload_crouchBlend_EXP_M26,none,Jump_ASR_Idle_S,Jump_ASR_Idle_A,Jump_ASR_Idle_F,Jump_ASR_Idle_L,Jump_ASR_Run_S,Jump_ASR_Run_A,Jump_ASR_Run_F,Jump_ASR_Run_L,Jump_ASR_Sprint_S,Jump_ASR_Sprint_A,Jump_ASR_Sprint_F,Jump_ASR_Sprint_L,none,none,none,none,none,FPS_Stand_Pull_EXP_Slam,none,FPS_Stand_Hold_EXP_M26,none,FPS_Stand_Release_EXP_Slam,none,FPS_Crouch_Pull_EXP_Slam,none,FPS_Crouch_Hold_EXP_M26,none,FPS_Stand_Release_EXP_Slam,none,FPS_Prone_Pull_EXP_Slam,none,FPS_Prone_Hold_EXP_M26,none,FPS_Prone_Release_EXP_Slam
SS_Barrel_Mine_01,none,idle_stand_EXP_Mine,FPS_aimIdle_standIdle_EXP_AP_Mine,idle_crouch_EXP_Mine,FPS_aimIdle_crouch_EXP_AP_Mine,idle_prone_EXP_Mine,FPS_aimIdle_prone_EXP_AP_Mine,none,none,none,none,none,none,idle_prone_EXP_M26,none,reload_stand_EXP_M26,FPS_reload_standIdle_EXP_AP_Mine,reload_runBlend_EXP_M26,FPS_reload_standIdle_EXP_AP_Mine,reload_crouch_EXP_M26,FPS_reload_crouch_EXP_AP_Mine,reload_prone_EXP_M26,FPS_reload_prone_EXP_AP_Mine,none,none,none,none,none,none,none,none,Run_Blend_EXP_Mine,FPS_Run_Blend_EXP_AP_Mine,Sprint_Blend_MEL_Hands,FPS_Sprint_Blend_EXP_AP_Mine,Crouch_Blend_EXP_Mine,FPS_Crouch_Blend_EXP_AP_Mine,Prone_Blend_MEL_Hands,FPS_Prone_Blend_EXP_AP_Mine,prone_to_stand_EXP_M26,none,Stand_to_Prone_EXP_M26,none,idle_crouch_EXP_M26,idle_crouch_EXP_M26,prone_to_crouch_EXP_M26,none,crouch_to_prone_EXP_M26,none,reload_crouchBlend_EXP_M26,none,Jump_ASR_Idle_S,Jump_ASR_Idle_A,Jump_ASR_Idle_F,Jump_ASR_Idle_L,Jump_ASR_Run_S,Jump_ASR_Run_A,Jump_ASR_Run_F,Jump_ASR_Run_L,Jump_ASR_Sprint_S,Jump_ASR_Sprint_A,Jump_ASR_Sprint_F,Jump_ASR_Sprint_L,none,none,none,none,none,FPS_Stand_Pull_EXP_AP_MIne,none,FPS_Stand_Hold_EXP_AP_Mine,none,FPS_Stand_Release_EXP_AP_Mine,none,FPS_Crouch_Pull_EXP_AP_Mine,none,FPS_Crouch_Hold_EXP_AP_Mine,none,FPS_Crouch_Release_EXP_AP_Mine,none,FPS_Prone_Pull_EXP_AP_Mine,none,FPS_Prone_Hold_EXP_AP_Mine,none,FPS_Prone_Release_EXP_AP_MIne